"Journal Data Filtered By:  Selected Editions: SCIE;SSCI;AHCI;ESCI Selected JCR Year: 2020 Selected Category Schema: WOS Selected Open Access: N Indicator: Custom"

Journal name,JCR Abbreviation,ISSN,eISSN,Category,Total Citations,2020 JIF,JIF Quartile,2020 JCI
"NATURE","NATURE","0028-0836","1476-4687","MULTIDISCIPLINARY SCIENCES - SCIE","915,939","49.962","Q1","8.7",
"PLoS One","PLOS ONE","1932-6203","1932-6203","MULTIDISCIPLINARY SCIENCES - SCIE","857,751","3.24","Q2","0.57",
"SCIENCE","SCIENCE","0036-8075","1095-9203","MULTIDISCIPLINARY SCIENCES - SCIE","814,978","47.728","Q1","7.63",
"PROCEEDINGS OF THE NATIONAL ACADEMY OF SCIENCES OF THE UNITED STATES OF AMERICA","P NATL ACAD SCI USA","0027-8424","N/A","MULTIDISCIPLINARY SCIENCES - SCIE","799,068","11.205","Q1","2.04",
"Journal of the American Chemical Society","J AM CHEM SOC","0002-7863","1520-5126","CHEMISTRY, MULTIDISCIPLINARY - SCIE","609,264","15.419","Q1","2.77",
"Scientific Reports","SCI REP-UK","2045-2322","2045-2322","MULTIDISCIPLINARY SCIENCES - SCIE","541,619","4.38","Q1","0.8",
"PHYSICAL REVIEW LETTERS","PHYS REV LETT","0031-9007","1079-7114","PHYSICS, MULTIDISCIPLINARY - SCIE","490,021","9.161","Q1","2.8",
"NEW ENGLAND JOURNAL OF MEDICINE","NEW ENGL J MED","0028-4793","1533-4406","MEDICINE, GENERAL & INTERNAL - SCIE","464,376","91.253","Q1","26.14",
"Nature Communications","NAT COMMUN","2041-1723","2041-1723","MULTIDISCIPLINARY SCIENCES - SCIE","453,215","14.919","Q1","2.66",
"ANGEWANDTE CHEMIE-INTERNATIONAL EDITION","ANGEW CHEM INT EDIT","1433-7851","1521-3773","CHEMISTRY, MULTIDISCIPLINARY - SCIE","410,750","15.336","Q1","2.38",
"PHYSICAL REVIEW B","PHYS REV B","2469-9950","2469-9969","PHYSICS, APPLIED - SCIE; MATERIALS SCIENCE, MULTIDISCIPLINARY - SCIE; PHYSICS, CONDENSED MATTER - SCIE","406,465","4.036","Q2","0.81",
"JOURNAL OF BIOLOGICAL CHEMISTRY","J BIOL CHEM","0021-9258","1083-351X","BIOCHEMISTRY & MOLECULAR BIOLOGY - SCIE","397,474","5.157","Q2","0.99",
"LANCET","LANCET","0140-6736","1474-547X","MEDICINE, GENERAL & INTERNAL - SCIE","369,614","79.323","Q1","20.05",
"ADVANCED MATERIALS","ADV MATER","0935-9648","1521-4095","MATERIALS SCIENCE, MULTIDISCIPLINARY - SCIE; NANOSCIENCE & NANOTECHNOLOGY - SCIE; PHYSICS, APPLIED - SCIE; CHEMISTRY, MULTIDISCIPLINARY - SCIE; PHYSICS, CONDENSED MATTER - SCIE; CHEMISTRY, PHYSICAL - SCIE","320,972","30.849","Q1","4.48",
"CELL","CELL","0092-8674","1097-4172","CELL BIOLOGY - SCIE; BIOCHEMISTRY & MOLECULAR BIOLOGY - SCIE","320,410","41.584","Q1","7.09",
"ASTROPHYSICAL JOURNAL","ASTROPHYS J","0004-637X","1538-4357","ASTRONOMY & ASTROPHYSICS - SCIE","275,747","5.877","Q1","1",
"ACS Applied Materials & Interfaces","ACS APPL MATER INTER","1944-8244","1944-8252","NANOSCIENCE & NANOTECHNOLOGY - SCIE; MATERIALS SCIENCE, MULTIDISCIPLINARY - SCIE","274,703","9.229","Q1","1.5",
"NUCLEIC ACIDS RESEARCH","NUCLEIC ACIDS RES","0305-1048","1362-4962","BIOCHEMISTRY & MOLECULAR BIOLOGY - SCIE","248,139","16.971","Q1","3.22",
"JOURNAL OF CHEMICAL PHYSICS","J CHEM PHYS","0021-9606","1089-7690","PHYSICS, ATOMIC, MOLECULAR & CHEMICAL - SCIE; CHEMISTRY, PHYSICAL - SCIE","231,490","3.488","Q1","0.75",
"CHEMICAL REVIEWS","CHEM REV","0009-2665","1520-6890","CHEMISTRY, MULTIDISCIPLINARY - SCIE","224,417","60.622","Q1","3.56",
"JAMA-JOURNAL OF THE AMERICAN MEDICAL ASSOCIATION","JAMA-J AM MED ASSOC","0098-7484","1538-3598","MEDICINE, GENERAL & INTERNAL - SCIE","224,165","56.274","Q1","11.49",
"APPLIED PHYSICS LETTERS","APPL PHYS LETT","0003-6951","1077-3118","PHYSICS, APPLIED - SCIE","218,334","3.791","Q2","0.81",
"ENVIRONMENTAL SCIENCE & TECHNOLOGY","ENVIRON SCI TECHNOL","0013-936X","1520-5851","ENVIRONMENTAL SCIENCES - SCIE; ENGINEERING, ENVIRONMENTAL - SCIE","217,954","9.028","Q1","1.45",
"CHEMICAL COMMUNICATIONS","CHEM COMMUN","1359-7345","1364-548X","CHEMISTRY, MULTIDISCIPLINARY - SCIE","213,293","6.222","Q1","1.12",
"SCIENCE OF THE TOTAL ENVIRONMENT","SCI TOTAL ENVIRON","0048-9697","1879-1026","ENVIRONMENTAL SCIENCES - SCIE","210,144","7.963","Q1","1.66",
"PHYSICAL REVIEW D","PHYS REV D","2470-0010","2470-0029","ASTRONOMY & ASTROPHYSICS - SCIE; PHYSICS, PARTICLES & FIELDS - SCIE","204,090","5.296","Q1","1.19",
"BLOOD","BLOOD","0006-4971","1528-0020","HEMATOLOGY - SCIE","200,028","23.629","Q1","3.22",
"ACS Nano","ACS NANO","1936-0851","1936-086X","NANOSCIENCE & NANOTECHNOLOGY - SCIE; CHEMISTRY, MULTIDISCIPLINARY - SCIE; MATERIALS SCIENCE, MULTIDISCIPLINARY - SCIE; CHEMISTRY, PHYSICAL - SCIE","195,525","15.881","Q1","2.47",
"Journal of Materials Chemistry A","J MATER CHEM A","2050-7488","2050-7496","CHEMISTRY, PHYSICAL - SCIE; MATERIALS SCIENCE, MULTIDISCIPLINARY - SCIE; ENERGY & FUELS - SCIE","193,793","12.732","Q1","1.9",
"MONTHLY NOTICES OF THE ROYAL ASTRONOMICAL SOCIETY","MON NOT R ASTRON SOC","0035-8711","1365-2966","ASTRONOMY & ASTROPHYSICS - SCIE","191,209","5.287","Q1","1.26",
"CIRCULATION","CIRCULATION","0009-7322","1524-4539","PERIPHERAL VASCULAR DISEASE - SCIE; CARDIAC & CARDIOVASCULAR SYSTEMS - SCIE","190,221","29.69","Q1","6.16",
"JOURNAL OF CLINICAL ONCOLOGY","J CLIN ONCOL","0732-183X","1527-7755","ONCOLOGY - SCIE","189,444","44.544","Q1","5.25",
"RSC Advances","RSC ADV","N/A","2046-2069","CHEMISTRY, MULTIDISCIPLINARY - SCIE","187,116","3.361","Q2","0.56",
"JOURNAL OF NEUROSCIENCE","J NEUROSCI","0270-6474","1529-2401","NEUROSCIENCES - SCIE","186,017","6.167","Q1","1.57",
"CHEMICAL ENGINEERING JOURNAL","CHEM ENG J","1385-8947","1873-3212","ENGINEERING, ENVIRONMENTAL - SCIE; ENGINEERING, CHEMICAL - SCIE","180,395","13.273","Q1","2.04",
"NANO LETTERS","NANO LETT","1530-6984","1530-6992","CHEMISTRY, MULTIDISCIPLINARY - SCIE; MATERIALS SCIENCE, MULTIDISCIPLINARY - SCIE; PHYSICS, APPLIED - SCIE; PHYSICS, CONDENSED MATTER - SCIE; CHEMISTRY, PHYSICAL - SCIE; NANOSCIENCE & NANOTECHNOLOGY - SCIE","177,909","11.189","Q1","2.07",
"CHEMICAL SOCIETY REVIEWS","CHEM SOC REV","0306-0012","1460-4744","CHEMISTRY, MULTIDISCIPLINARY - SCIE","173,170","54.564","Q1","3.07",
"Journal of Cleaner Production","J CLEAN PROD","0959-6526","1879-1786","ENVIRONMENTAL SCIENCES - SCIE; GREEN & SUSTAINABLE SCIENCE & TECHNOLOGY - SCIE; ENGINEERING, ENVIRONMENTAL - SCIE","170,352","9.297","Q1","1.51",
"Journal of Physical Chemistry C","J PHYS CHEM C","1932-7447","1932-7455","CHEMISTRY, PHYSICAL - SCIE; MATERIALS SCIENCE, MULTIDISCIPLINARY - SCIE; NANOSCIENCE & NANOTECHNOLOGY - SCIE","167,398","4.126","Q2","0.68",
"BIORESOURCE TECHNOLOGY","BIORESOURCE TECHNOL","0960-8524","1873-2976","ENERGY & FUELS - SCIE; BIOTECHNOLOGY & APPLIED MICROBIOLOGY - SCIE; AGRICULTURAL ENGINEERING - SCIE","166,941","9.642","Q1","1.67",
"JOURNAL OF APPLIED PHYSICS","J APPL PHYS","0021-8979","1089-7550","PHYSICS, APPLIED - SCIE","164,247","2.546","Q2","0.55",
"CANCER RESEARCH","CANCER RES","0008-5472","1538-7445","ONCOLOGY - SCIE","159,243","12.701","Q1","2.05",
"BMJ-British Medical Journal","BMJ-BRIT MED J","1756-1833","1756-1833","MEDICINE, GENERAL & INTERNAL - SCIE","158,758","39.89","Q1","6.27",
"FOOD CHEMISTRY","FOOD CHEM","0308-8146","1873-7072","CHEMISTRY, APPLIED - SCIE; NUTRITION & DIETETICS - SCIE; FOOD SCIENCE & TECHNOLOGY - SCIE","156,901","7.514","Q1","1.88",
"ANALYTICAL CHEMISTRY","ANAL CHEM","0003-2700","1520-6882","CHEMISTRY, ANALYTICAL - SCIE","156,738","6.986","Q1","1.68",
"JOURNAL OF ALLOYS AND COMPOUNDS","J ALLOY COMPD","0925-8388","1873-4669","METALLURGY & METALLURGICAL ENGINEERING - SCIE; MATERIALS SCIENCE, MULTIDISCIPLINARY - SCIE; CHEMISTRY, PHYSICAL - SCIE","152,275","5.316","Q1","1.16",
"ADVANCED FUNCTIONAL MATERIALS","ADV FUNCT MATER","1616-301X","1616-3028","CHEMISTRY, MULTIDISCIPLINARY - SCIE; CHEMISTRY, PHYSICAL - SCIE; NANOSCIENCE & NANOTECHNOLOGY - SCIE; PHYSICS, APPLIED - SCIE; MATERIALS SCIENCE, MULTIDISCIPLINARY - SCIE; PHYSICS, CONDENSED MATTER - SCIE","151,020","18.808","Q1","2.94",
"BIOINFORMATICS","BIOINFORMATICS","1367-4803","1460-2059","BIOCHEMICAL RESEARCH METHODS - SCIE; BIOTECHNOLOGY & APPLIED MICROBIOLOGY - SCIE; MATHEMATICAL & COMPUTATIONAL BIOLOGY - SCIE","149,363","6.937","Q1","1.96",
"JOURNAL OF IMMUNOLOGY","J IMMUNOL","0022-1767","1550-6606","IMMUNOLOGY - SCIE","146,984","5.422","Q2","1.15",
"APPLIED SURFACE SCIENCE","APPL SURF SCI","0169-4332","1873-5584","MATERIALS SCIENCE, COATINGS & FILMS - SCIE; PHYSICS, CONDENSED MATTER - SCIE; CHEMISTRY, PHYSICAL - SCIE; PHYSICS, APPLIED - SCIE","144,633","6.707","Q1","1.32",
"JOURNAL OF AGRICULTURAL AND FOOD CHEMISTRY","J AGR FOOD CHEM","0021-8561","1520-5118","FOOD SCIENCE & TECHNOLOGY - SCIE; CHEMISTRY, APPLIED - SCIE; AGRICULTURE, MULTIDISCIPLINARY - SCIE","144,042","5.279","Q1","1.48",
"JOURNAL OF POWER SOURCES","J POWER SOURCES","0378-7753","1873-2755","ELECTROCHEMISTRY - SCIE; CHEMISTRY, PHYSICAL - SCIE; ENERGY & FUELS - SCIE; MATERIALS SCIENCE, MULTIDISCIPLINARY - SCIE","140,819","9.127","Q1","1.42",
"ASTRONOMY & ASTROPHYSICS","ASTRON ASTROPHYS","0004-6361","1432-0746","ASTRONOMY & ASTROPHYSICS - SCIE","140,046","5.803","Q1","1.18",
"INTERNATIONAL JOURNAL OF MOLECULAR SCIENCES","INT J MOL SCI","N/A","1422-0067","BIOCHEMISTRY & MOLECULAR BIOLOGY - SCIE; CHEMISTRY, MULTIDISCIPLINARY - SCIE","139,473","5.924","Q1","0.71",
"JOURNAL OF HAZARDOUS MATERIALS","J HAZARD MATER","0304-3894","1873-3336","ENGINEERING, ENVIRONMENTAL - SCIE; ENVIRONMENTAL SCIENCES - SCIE","137,983","10.588","Q1","1.85",
"ELECTROCHIMICA ACTA","ELECTROCHIM ACTA","0013-4686","1873-3859","ELECTROCHEMISTRY - SCIE","134,486","6.901","Q2","1.19",
"RENEWABLE & SUSTAINABLE ENERGY REVIEWS","RENEW SUST ENERG REV","1364-0321","1879-0690","ENERGY & FUELS - SCIE; GREEN & SUSTAINABLE SCIENCE & TECHNOLOGY - SCIE","132,560","14.982","Q1","1.05",
"JOURNAL OF CLINICAL INVESTIGATION","J CLIN INVEST","0021-9738","1558-8238","MEDICINE, RESEARCH & EXPERIMENTAL - SCIE","132,303","14.808","Q1","3.78",
"PHYSICAL REVIEW A","PHYS REV A","2469-9926","2469-9934","PHYSICS, ATOMIC, MOLECULAR & CHEMICAL - SCIE; OPTICS - SCIE","131,470","3.14","Q2","0.99",
"OPTICS EXPRESS","OPT EXPRESS","1094-4087","N/A","OPTICS - SCIE","129,224","3.894","Q1","1.31",
"Nanoscale","NANOSCALE","2040-3364","2040-3372","CHEMISTRY, MULTIDISCIPLINARY - SCIE; PHYSICS, APPLIED - SCIE; MATERIALS SCIENCE, MULTIDISCIPLINARY - SCIE; NANOSCIENCE & NANOTECHNOLOGY - SCIE","127,279","7.79","Q1","1.31",
"CHEMOSPHERE","CHEMOSPHERE","0045-6535","1879-1298","ENVIRONMENTAL SCIENCES - SCIE","127,067","7.086","Q1","1.43",
"BIOMATERIALS","BIOMATERIALS","0142-9612","1878-5905","MATERIALS SCIENCE, BIOMATERIALS - SCIE; ENGINEERING, BIOMEDICAL - SCIE","126,871","12.479","Q1","2.7",
"JOURNAL OF THE AMERICAN COLLEGE OF CARDIOLOGY","J AM COLL CARDIOL","0735-1097","1558-3597","CARDIAC & CARDIOVASCULAR SYSTEMS - SCIE","125,875","24.093","Q1","4.75",
"LANGMUIR","LANGMUIR","0743-7463","N/A","CHEMISTRY, MULTIDISCIPLINARY - SCIE; MATERIALS SCIENCE, MULTIDISCIPLINARY - SCIE; CHEMISTRY, PHYSICAL - SCIE","125,608","3.882","Q2","0.68",
"CHEMISTRY OF MATERIALS","CHEM MATER","0897-4756","1520-5002","MATERIALS SCIENCE, MULTIDISCIPLINARY - SCIE; CHEMISTRY, PHYSICAL - SCIE","124,153","9.811","Q1","1.67",
"CONSTRUCTION AND BUILDING MATERIALS","CONSTR BUILD MATER","0950-0618","1879-0526","ENGINEERING, CIVIL - SCIE; CONSTRUCTION & BUILDING TECHNOLOGY - SCIE; MATERIALS SCIENCE, MULTIDISCIPLINARY - SCIE","123,941","6.141","Q1","1.34",
"PHYSICAL CHEMISTRY CHEMICAL PHYSICS","PHYS CHEM CHEM PHYS","1463-9076","1463-9084","PHYSICS, ATOMIC, MOLECULAR & CHEMICAL - SCIE; CHEMISTRY, PHYSICAL - SCIE","123,699","3.676","Q1","0.82",
"APPLIED CATALYSIS B-ENVIRONMENTAL","APPL CATAL B-ENVIRON","0926-3373","1873-3883","CHEMISTRY, PHYSICAL - SCIE; ENGINEERING, CHEMICAL - SCIE; ENGINEERING, ENVIRONMENTAL - SCIE","123,618","19.503","Q1","3.04",
"APPLIED ENERGY","APPL ENERG","0306-2619","1872-9118","ENGINEERING, CHEMICAL - SCIE; ENERGY & FUELS - SCIE","122,712","9.746","Q1","1.69",
"GEOPHYSICAL RESEARCH LETTERS","GEOPHYS RES LETT","0094-8276","1944-8007","GEOSCIENCES, MULTIDISCIPLINARY - SCIE","122,202","4.72","Q1","1.43",
"WATER RESEARCH","WATER RES","0043-1354","1879-2448","ENGINEERING, ENVIRONMENTAL - SCIE; WATER RESOURCES - SCIE; ENVIRONMENTAL SCIENCES - SCIE","120,695","11.236","Q1","2.12",
"INTERNATIONAL JOURNAL OF HYDROGEN ENERGY","INT J HYDROGEN ENERG","0360-3199","1879-3487","ELECTROCHEMISTRY - SCIE; ENERGY & FUELS - SCIE; CHEMISTRY, PHYSICAL - SCIE","120,051","5.816","Q2","0.86",
"NEUROIMAGE","NEUROIMAGE","1053-8119","1095-9572","NEUROIMAGING - SCIE; NEUROSCIENCES - SCIE; RADIOLOGY, NUCLEAR MEDICINE & MEDICAL IMAGING - SCIE","119,618","6.556","Q1","1.72",
"APPLIED AND ENVIRONMENTAL MICROBIOLOGY","APPL ENVIRON MICROB","0099-2240","1098-5336","BIOTECHNOLOGY & APPLIED MICROBIOLOGY - SCIE; MICROBIOLOGY - SCIE","118,391","4.792","Q1","1.08",
"NATURE MEDICINE","NAT MED","1078-8956","1546-170X","MEDICINE, RESEARCH & EXPERIMENTAL - SCIE; CELL BIOLOGY - SCIE; BIOCHEMISTRY & MOLECULAR BIOLOGY - SCIE","114,402","53.44","Q1","9.96",
"NATURE GENETICS","NAT GENET","1061-4036","1546-1718","GENETICS & HEREDITY - SCIE","113,066","38.33","Q1","8.78",
"NATURE MATERIALS","NAT MATER","1476-1122","1476-4660","MATERIALS SCIENCE, MULTIDISCIPLINARY - SCIE; CHEMISTRY, PHYSICAL - SCIE; PHYSICS, APPLIED - SCIE; PHYSICS, CONDENSED MATTER - SCIE","112,429","43.841","Q1","7.1",
"JOURNAL OF VIROLOGY","J VIROL","0022-538X","1098-5514","VIROLOGY - SCIE","111,935","5.103","Q1","1.24",
"JOURNAL OF PHYSICAL CHEMISTRY B","J PHYS CHEM B","1520-6106","1520-5207","CHEMISTRY, PHYSICAL - SCIE","111,523","2.991","Q3","0.47",
"MACROMOLECULES","MACROMOLECULES","0024-9297","1520-5835","POLYMER SCIENCE - SCIE","111,371","5.985","Q1","1.55",
"NEURON","NEURON","0896-6273","1097-4199","NEUROSCIENCES - SCIE","111,116","17.173","Q1","3.61",
"CHEMISTRY-A EUROPEAN JOURNAL","CHEM-EUR J","0947-6539","1521-3765","CHEMISTRY, MULTIDISCIPLINARY - SCIE","110,572","5.236","Q2","0.88",
"NEUROLOGY","NEUROLOGY","0028-3878","1526-632X","CLINICAL NEUROLOGY - SCIE","109,915","9.91","Q1","2.56",
"SENSORS AND ACTUATORS B-CHEMICAL","SENSOR ACTUAT B-CHEM","N/A","0925-4005","ELECTROCHEMISTRY - SCIE; INSTRUMENTS & INSTRUMENTATION - SCIE; CHEMISTRY, ANALYTICAL - SCIE","107,565","7.46","Q1","1.82",
"ORGANIC LETTERS","ORG LETT","1523-7060","1523-7052","CHEMISTRY, ORGANIC - SCIE","107,262","6.005","Q1","1.79",
"PHYSICAL REVIEW E","PHYS REV E","2470-0045","2470-0053","PHYSICS, MATHEMATICAL - SCIE; PHYSICS, FLUIDS & PLASMAS - SCIE","107,073","2.529","Q1","1.07",
"IEEE Access","IEEE ACCESS","2169-3536","2169-3536","COMPUTER SCIENCE, INFORMATION SYSTEMS - SCIE; ENGINEERING, ELECTRICAL & ELECTRONIC - SCIE; TELECOMMUNICATIONS - SCIE","105,968","3.367","Q2","1.01",
"CLINICAL CANCER RESEARCH","CLIN CANCER RES","1078-0432","1557-3265","ONCOLOGY - SCIE","105,960","12.531","Q1","2.52",
"BIOCHEMICAL AND BIOPHYSICAL RESEARCH COMMUNICATIONS","BIOCHEM BIOPH RES CO","0006-291X","1090-2104","BIOPHYSICS - SCIE; BIOCHEMISTRY & MOLECULAR BIOLOGY - SCIE","105,153","3.575","Q2","0.8",
"CARBOHYDRATE POLYMERS","CARBOHYD POLYM","0144-8617","1879-1344","CHEMISTRY, ORGANIC - SCIE; POLYMER SCIENCE - SCIE; CHEMISTRY, APPLIED - SCIE","104,570","9.381","Q1","1.99",
"ENERGY","ENERGY","0360-5442","1873-6785","ENERGY & FUELS - SCIE; THERMODYNAMICS - SCIE","103,367","7.147","Q1","1.38",
"INORGANIC CHEMISTRY","INORG CHEM","0020-1669","1520-510X","CHEMISTRY, INORGANIC & NUCLEAR - SCIE","103,059","5.165","Q1","1.74",
"PLANT PHYSIOLOGY","PLANT PHYSIOL","0032-0889","1532-2548","PLANT SCIENCES - SCIE","102,987","8.34","Q1","2.62",
"JOURNAL OF HIGH ENERGY PHYSICS","J HIGH ENERGY PHYS","1029-8479","1029-8479","PHYSICS, PARTICLES & FIELDS - SCIE","102,488","5.81","Q1","1.45",
"MATERIALS SCIENCE AND ENGINEERING A-STRUCTURAL MATERIALS PROPERTIES MICROSTRUCTURE AND PROCESSING","MAT SCI ENG A-STRUCT","0921-5093","1873-4936","METALLURGY & METALLURGICAL ENGINEERING - SCIE; MATERIALS SCIENCE, MULTIDISCIPLINARY - SCIE; NANOSCIENCE & NANOTECHNOLOGY - SCIE","102,263","5.234","Q1","1.09",
"Energy & Environmental Science","ENERG ENVIRON SCI","1754-5692","1754-5706","ENGINEERING, CHEMICAL - SCIE; CHEMISTRY, MULTIDISCIPLINARY - SCIE; ENVIRONMENTAL SCIENCES - SCIE; ENERGY & FUELS - SCIE","101,688","38.532","Q1","5.95",
"JOURNAL OF ORGANIC CHEMISTRY","J ORG CHEM","0022-3263","1520-6904","CHEMISTRY, ORGANIC - SCIE","101,397","4.354","Q1","1.28",
"FUEL","FUEL","0016-2361","1873-7153","ENGINEERING, CHEMICAL - SCIE; ENERGY & FUELS - SCIE","98,202","6.609","Q1","1.15",
"CARBON","CARBON","0008-6223","1873-3891","CHEMISTRY, PHYSICAL - SCIE; MATERIALS SCIENCE, MULTIDISCIPLINARY - SCIE","97,509","9.594","Q1","1.6",
"JOURNAL OF PERSONALITY AND SOCIAL PSYCHOLOGY","J PERS SOC PSYCHOL","0022-3514","1939-1315","PSYCHOLOGY, SOCIAL - SSCI","97,124","7.673","Q1","2.64",
"ACTA MATERIALIA","ACTA MATER","1359-6454","1873-2453","METALLURGY & METALLURGICAL ENGINEERING - SCIE; MATERIALS SCIENCE, MULTIDISCIPLINARY - SCIE","96,608","8.203","Q1","2.06",
"JOURNAL OF COLLOID AND INTERFACE SCIENCE","J COLLOID INTERF SCI","0021-9797","1095-7103","CHEMISTRY, PHYSICAL - SCIE","96,115","8.128","Q1","1.31",
"PEDIATRICS","PEDIATRICS","0031-4005","1098-4275","PEDIATRICS - SCIE","95,970","7.125","Q1","2.66",
"GASTROENTEROLOGY","GASTROENTEROLOGY","0016-5085","1528-0012","GASTROENTEROLOGY & HEPATOLOGY - SCIE","94,872","22.682","Q1","3.91",
"Advanced Energy Materials","ADV ENERGY MATER","1614-6832","1614-6840","CHEMISTRY, PHYSICAL - SCIE; MATERIALS SCIENCE, MULTIDISCIPLINARY - SCIE; ENERGY & FUELS - SCIE; PHYSICS, APPLIED - SCIE; PHYSICS, CONDENSED MATTER - SCIE","93,801","29.368","Q1","4.27",
"Frontiers in Microbiology","FRONT MICROBIOL","1664-302X","1664-302X","MICROBIOLOGY - SCIE","92,879","5.64","Q1","1.09",
"ACS Catalysis","ACS CATAL","2155-5435","2155-5435","CHEMISTRY, PHYSICAL - SCIE","92,236","13.084","Q1","1.89",
"INDUSTRIAL & ENGINEERING CHEMISTRY RESEARCH","IND ENG CHEM RES","0888-5885","N/A","ENGINEERING, CHEMICAL - SCIE","91,716","3.764","Q2","0.69",
"SENSORS","SENSORS-BASEL","N/A","1424-8220","INSTRUMENTS & INSTRUMENTATION - SCIE; ENGINEERING, ELECTRICAL & ELECTRONIC - SCIE; CHEMISTRY, ANALYTICAL - SCIE","90,813","3.576","Q1","0.89",
"NATURE METHODS","NAT METHODS","1548-7091","1548-7105","BIOCHEMICAL RESEARCH METHODS - SCIE","90,805","28.547","Q1","7.31",
"JOURNAL OF CLINICAL ENDOCRINOLOGY & METABOLISM","J CLIN ENDOCR METAB","0021-972X","1945-7197","ENDOCRINOLOGY & METABOLISM - SCIE","90,761","5.958","Q1","1.44",
"JOURNAL OF THE ELECTROCHEMICAL SOCIETY","J ELECTROCHEM SOC","0013-4651","1945-7111","MATERIALS SCIENCE, COATINGS & FILMS - SCIE; ELECTROCHEMISTRY - SCIE","89,711","4.316","Q1","0.78",
"CLINICAL INFECTIOUS DISEASES","CLIN INFECT DIS","1058-4838","1537-6591","MICROBIOLOGY - SCIE; IMMUNOLOGY - SCIE; INFECTIOUS DISEASES - SCIE","89,279","9.079","Q1","2.13",
"MOLECULES","MOLECULES","N/A","1420-3049","CHEMISTRY, MULTIDISCIPLINARY - SCIE; BIOCHEMISTRY & MOLECULAR BIOLOGY - SCIE","88,969","4.412","Q2","0.62",
"JOURNAL OF MEMBRANE SCIENCE","J MEMBRANE SCI","0376-7388","1873-3123","POLYMER SCIENCE - SCIE; ENGINEERING, CHEMICAL - SCIE","87,097","8.742","Q1","1.82",
"MOLECULAR CELL","MOL CELL","1097-2765","1097-4164","BIOCHEMISTRY & MOLECULAR BIOLOGY - SCIE; CELL BIOLOGY - SCIE","86,299","17.97","Q1","3.2",
"DIABETES CARE","DIABETES CARE","0149-5992","1935-5548","ENDOCRINOLOGY & METABOLISM - SCIE","86,001","19.112","Q1","3.63",
"JOURNAL OF MEDICINAL CHEMISTRY","J MED CHEM","0022-2623","1520-4804","CHEMISTRY, MEDICINAL - SCIE","85,946","7.446","Q1","2.54",
"Frontiers in Immunology","FRONT IMMUNOL","1664-3224","1664-3224","IMMUNOLOGY - SCIE","84,854","7.561","Q1","1.06",
"ENVIRONMENTAL POLLUTION","ENVIRON POLLUT","0269-7491","1873-6424","ENVIRONMENTAL SCIENCES - SCIE","84,491","8.071","Q1","1.61",
"INTERNATIONAL JOURNAL OF HEAT AND MASS TRANSFER","INT J HEAT MASS TRAN","0017-9310","1879-2189","THERMODYNAMICS - SCIE; MECHANICS - SCIE; ENGINEERING, MECHANICAL - SCIE","83,111","5.584","Q1","1.52",
"ACCOUNTS OF CHEMICAL RESEARCH","ACCOUNTS CHEM RES","0001-4842","1520-4898","CHEMISTRY, MULTIDISCIPLINARY - SCIE","82,124","22.384","Q1","1.28",
"EUROPEAN HEART JOURNAL","EUR HEART J","0195-668X","1522-9645","CARDIAC & CARDIOVASCULAR SYSTEMS - SCIE","81,451","29.983","Q1","5.77",
"Cochrane Database of Systematic Reviews","COCHRANE DB SYST REV","1469-493X","1361-6137","MEDICINE, GENERAL & INTERNAL - SCIE","81,217","9.289","Q1","1.31",
"CERAMICS INTERNATIONAL","CERAM INT","0272-8842","1873-3956","MATERIALS SCIENCE, CERAMICS - SCIE","81,215","4.527","Q1","1.28",
"JOURNAL OF GEOPHYSICAL RESEARCH-ATMOSPHERES","J GEOPHYS RES-ATMOS","2169-897X","2169-8996","METEOROLOGY & ATMOSPHERIC SCIENCES - SCIE","80,962","4.261","Q2","1.06",
"DALTON TRANSACTIONS","DALTON T","1477-9226","1477-9234","CHEMISTRY, INORGANIC & NUCLEAR - SCIE","80,783","4.39","Q1","1.4",
"ENERGY CONVERSION AND MANAGEMENT","ENERG CONVERS MANAGE","0196-8904","1879-2227","MECHANICS - SCIE; THERMODYNAMICS - SCIE; ENERGY & FUELS - SCIE","80,377","9.709","Q1","2.03",
"ANTIMICROBIAL AGENTS AND CHEMOTHERAPY","ANTIMICROB AGENTS CH","0066-4804","1098-6596","PHARMACOLOGY & PHARMACY - SCIE; MICROBIOLOGY - SCIE","80,241","5.191","Q1","1.4",
"CANCER","CANCER-AM CANCER SOC","0008-543X","1097-0142","ONCOLOGY - SCIE","79,708","6.86","Q1","1.4",
"INTERNATIONAL JOURNAL OF BIOLOGICAL MACROMOLECULES","INT J BIOL MACROMOL","0141-8130","1879-0003","BIOCHEMISTRY & MOLECULAR BIOLOGY - SCIE; POLYMER SCIENCE - SCIE; CHEMISTRY, APPLIED - SCIE","79,247","6.953","Q1","1.38",
"JOURNAL OF CELL BIOLOGY","J CELL BIOL","0021-9525","1540-8140","CELL BIOLOGY - SCIE","79,173","10.539","Q1","1.51",
"STROKE","STROKE","0039-2499","1524-4628","CLINICAL NEUROLOGY - SCIE; PERIPHERAL VASCULAR DISEASE - SCIE","78,912","7.914","Q1","1.81",
"NATURE BIOTECHNOLOGY","NAT BIOTECHNOL","1087-0156","1546-1696","BIOTECHNOLOGY & APPLIED MICROBIOLOGY - SCIE","78,787","54.908","Q1","10",
"GEOCHIMICA ET COSMOCHIMICA ACTA","GEOCHIM COSMOCHIM AC","0016-7037","1872-9533","GEOCHEMISTRY & GEOPHYSICS - SCIE","78,557","5.01","Q1","1.71",
"CURRENT BIOLOGY","CURR BIOL","0960-9822","1879-0445","BIOLOGY - SCIE; CELL BIOLOGY - SCIE; BIOCHEMISTRY & MOLECULAR BIOLOGY - SCIE","78,289","10.834","Q1","1.96",
"HEPATOLOGY","HEPATOLOGY","0270-9139","1527-3350","GASTROENTEROLOGY & HEPATOLOGY - SCIE","78,048","17.425","Q1","3.22",
"Small","SMALL","1613-6810","1613-6829","PHYSICS, CONDENSED MATTER - SCIE; MATERIALS SCIENCE, MULTIDISCIPLINARY - SCIE; CHEMISTRY, PHYSICAL - SCIE; PHYSICS, APPLIED - SCIE; NANOSCIENCE & NANOTECHNOLOGY - SCIE; CHEMISTRY, MULTIDISCIPLINARY - SCIE","77,926","13.281","Q1","1.93",
"ONCOGENE","ONCOGENE","0950-9232","1476-5594","GENETICS & HEREDITY - SCIE; CELL BIOLOGY - SCIE; BIOCHEMISTRY & MOLECULAR BIOLOGY - SCIE; ONCOLOGY - SCIE","77,577","9.867","Q1","1.88",
"BIOCHEMISTRY","BIOCHEMISTRY-US","0006-2960","N/A","BIOCHEMISTRY & MOLECULAR BIOLOGY - SCIE","76,746","3.163","Q3","0.67",
"AMERICAN JOURNAL OF RESPIRATORY AND CRITICAL CARE MEDICINE","AM J RESP CRIT CARE","1073-449X","1535-4970","CRITICAL CARE MEDICINE - SCIE; RESPIRATORY SYSTEM - SCIE","76,608","21.405","Q1","4.09",
"EMBO JOURNAL","EMBO J","0261-4189","1460-2075","BIOCHEMISTRY & MOLECULAR BIOLOGY - SCIE; CELL BIOLOGY - SCIE","76,189","11.598","Q1","2.12",
"Nature Nanotechnology","NAT NANOTECHNOL","1748-3387","1748-3395","NANOSCIENCE & NANOTECHNOLOGY - SCIE; MATERIALS SCIENCE, MULTIDISCIPLINARY - SCIE","75,845","39.213","Q1","5.49",
"JOURNAL OF EXPERIMENTAL MEDICINE","J EXP MED","0022-1007","1540-9538","MEDICINE, RESEARCH & EXPERIMENTAL - SCIE; IMMUNOLOGY - SCIE","74,805","14.307","Q1","3.42",
"EARTH AND PLANETARY SCIENCE LETTERS","EARTH PLANET SC LETT","0012-821X","1385-013X","GEOCHEMISTRY & GEOPHYSICS - SCIE","74,499","5.255","Q1","1.78",
"OPTICS LETTERS","OPT LETT","0146-9592","1539-4794","OPTICS - SCIE","74,402","3.776","Q1","1.34",
"Nano Energy","NANO ENERGY","2211-2855","2211-3282","PHYSICS, APPLIED - SCIE; CHEMISTRY, PHYSICAL - SCIE; NANOSCIENCE & NANOTECHNOLOGY - SCIE; MATERIALS SCIENCE, MULTIDISCIPLINARY - SCIE","74,385","17.881","Q1","3.02",
"IEEE TRANSACTIONS ON INDUSTRIAL ELECTRONICS","IEEE T IND ELECTRON","0278-0046","1557-9948","ENGINEERING, ELECTRICAL & ELECTRONIC - SCIE; AUTOMATION & CONTROL SYSTEMS - SCIE; INSTRUMENTS & INSTRUMENTATION - SCIE","74,088","8.236","Q1","2.45",
"NATURE NEUROSCIENCE","NAT NEUROSCI","1097-6256","1546-1726","NEUROSCIENCES - SCIE","73,710","24.884","Q1","5.68",
"JOURNAL OF HYDROLOGY","J HYDROL","0022-1694","1879-2707","WATER RESOURCES - SCIE; ENGINEERING, CIVIL - SCIE; GEOSCIENCES, MULTIDISCIPLINARY - SCIE","73,620","5.722","Q1","1.62",
"REMOTE SENSING OF ENVIRONMENT","REMOTE SENS ENVIRON","0034-4257","1879-0704","ENVIRONMENTAL SCIENCES - SCIE; REMOTE SENSING - SCIE; IMAGING SCIENCE & PHOTOGRAPHIC TECHNOLOGY - SCIE","73,581","10.164","Q1","2.34",
"Cell Reports","CELL REP","2211-1247","2211-1247","CELL BIOLOGY - SCIE","73,442","9.423","Q1","1.52",
"JOURNAL OF FLUID MECHANICS","J FLUID MECH","0022-1120","1469-7645","PHYSICS, FLUIDS & PLASMAS - SCIE; MECHANICS - SCIE","73,122","3.627","Q1","1.19",
"LANCET ONCOLOGY","LANCET ONCOL","1470-2045","1474-5488","ONCOLOGY - SCIE","72,804","41.316","Q1","7.95",
"ENVIRONMENTAL SCIENCE AND POLLUTION RESEARCH","ENVIRON SCI POLLUT R","0944-1344","1614-7499","ENVIRONMENTAL SCIENCES - SCIE","72,761","4.223","Q2","0.78",
"NEW PHYTOLOGIST","NEW PHYTOL","0028-646X","1469-8137","PLANT SCIENCES - SCIE","72,711","10.152","Q1","2.68",
"ANNALS OF INTERNAL MEDICINE","ANN INTERN MED","0003-4819","1539-3704","MEDICINE, GENERAL & INTERNAL - SCIE","72,594","25.391","Q1","6.28",
"RENEWABLE ENERGY","RENEW ENERG","0960-1481","1879-0682","ENERGY & FUELS - SCIE; GREEN & SUSTAINABLE SCIENCE & TECHNOLOGY - SCIE","72,390","8.001","Q1","1.32",
"ECOLOGY","ECOLOGY","0012-9658","1939-9170","ECOLOGY - SCIE","72,376","5.499","Q1","1.44",
"Frontiers in Plant Science","FRONT PLANT SCI","1664-462X","1664-462X","PLANT SCIENCES - SCIE","72,302","5.754","Q1","1.39",
"RADIOLOGY","RADIOLOGY","0033-8419","N/A","RADIOLOGY, NUCLEAR MEDICINE & MEDICAL IMAGING - SCIE","72,249","11.105","Q1","2.83",
"MATERIALS & DESIGN","MATER DESIGN","0264-1275","1873-4197","MATERIALS SCIENCE, MULTIDISCIPLINARY - SCIE","71,936","7.991","Q1","1.35",
"AMERICAN ECONOMIC REVIEW","AM ECON REV","0002-8282","1944-7981","ECONOMICS - SSCI","71,858","9.17","Q1","3.05",
"Sustainability","SUSTAINABILITY-BASEL","N/A","2071-1050","ENVIRONMENTAL STUDIES - SSCI; ENVIRONMENTAL SCIENCES - SCIE; GREEN & SUSTAINABLE SCIENCE & TECHNOLOGY - SSCI; GREEN & SUSTAINABLE SCIENCE & TECHNOLOGY - SCIE","71,638","3.251","Q2","0.56",
"IMMUNITY","IMMUNITY","1074-7613","1097-4180","IMMUNOLOGY - SCIE","70,518","31.745","Q1","5.56",
"BIOSENSORS & BIOELECTRONICS","BIOSENS BIOELECTRON","0956-5663","1873-4235","BIOPHYSICS - SCIE; CHEMISTRY, ANALYTICAL - SCIE; BIOTECHNOLOGY & APPLIED MICROBIOLOGY - SCIE; NANOSCIENCE & NANOTECHNOLOGY - SCIE; ELECTROCHEMISTRY - SCIE","69,561","10.618","Q1","2.23",
"JOURNAL OF BACTERIOLOGY","J BACTERIOL","0021-9193","1098-5530","MICROBIOLOGY - SCIE","69,342","3.49","Q2","0.82",
"JOURNAL OF APPLIED POLYMER SCIENCE","J APPL POLYM SCI","0021-8995","1097-4628","POLYMER SCIENCE - SCIE","68,877","3.125","Q2","0.7",
"ATMOSPHERIC ENVIRONMENT","ATMOS ENVIRON","1352-2310","1873-2844","METEOROLOGY & ATMOSPHERIC SCIENCES - SCIE; ENVIRONMENTAL SCIENCES - SCIE","68,466","4.798","Q1","1.08",
"eLife","ELIFE","2050-084X","2050-084X","BIOLOGY - SCIE","68,113","8.146","Q1","2.3",
"JOURNAL OF CHROMATOGRAPHY A","J CHROMATOGR A","0021-9673","1873-3778","CHEMISTRY, ANALYTICAL - SCIE; BIOCHEMICAL RESEARCH METHODS - SCIE","67,823","4.759","Q1","1.09",
"AMERICAN JOURNAL OF CLINICAL NUTRITION","AM J CLIN NUTR","0002-9165","1938-3207","NUTRITION & DIETETICS - SCIE","67,598","7.047","Q1","1.7",
"WATER RESOURCES RESEARCH","WATER RESOUR RES","0043-1397","1944-7973","ENVIRONMENTAL SCIENCES - SCIE; WATER RESOURCES - SCIE; LIMNOLOGY - SCIE","67,093","5.24","Q1","1.4",
"INVESTIGATIVE OPHTHALMOLOGY & VISUAL SCIENCE","INVEST OPHTH VIS SCI","0146-0404","1552-5783","OPHTHALMOLOGY - SCIE","66,782","4.799","Q1","1.59",
"PSYCHOLOGICAL BULLETIN","PSYCHOL BULL","0033-2909","1939-1455","PSYCHOLOGY, MULTIDISCIPLINARY - SSCI; PSYCHOLOGY - SCIE","66,721","17.737","Q1","6.28",
"JOURNAL OF DAIRY SCIENCE","J DAIRY SCI","0022-0302","1525-3198","AGRICULTURE, DAIRY & ANIMAL SCIENCE - SCIE; FOOD SCIENCE & TECHNOLOGY - SCIE","66,689","4.034","Q1","1.5",
"PHYSICS LETTERS B","PHYS LETT B","0370-2693","1873-2445","PHYSICS, PARTICLES & FIELDS - SCIE; PHYSICS, NUCLEAR - SCIE; ASTRONOMY & ASTROPHYSICS - SCIE","66,599","4.771","Q1","1.54",
"APPLIED THERMAL ENGINEERING","APPL THERM ENG","1359-4311","1873-5606","THERMODYNAMICS - SCIE; ENGINEERING, MECHANICAL - SCIE; MECHANICS - SCIE; ENERGY & FUELS - SCIE","66,561","5.295","Q1","1.29",
"POLYMER","POLYMER","0032-3861","1873-2291","POLYMER SCIENCE - SCIE","66,414","4.43","Q1","1.09",
"International Journal of Environmental Research and Public Health","INT J ENV RES PUB HE","N/A","1660-4601","PUBLIC, ENVIRONMENTAL & OCCUPATIONAL HEALTH - SSCI; PUBLIC, ENVIRONMENTAL & OCCUPATIONAL HEALTH - SCIE; ENVIRONMENTAL SCIENCES - SCIE","66,102","3.39","Q1","0.87",
"Chemical Science","CHEM SCI","2041-6520","2041-6539","CHEMISTRY, MULTIDISCIPLINARY - SCIE","65,945","9.825","Q1","1.84",
"CIRCULATION RESEARCH","CIRC RES","0009-7330","1524-4571","PERIPHERAL VASCULAR DISEASE - SCIE; CARDIAC & CARDIOVASCULAR SYSTEMS - SCIE; HEMATOLOGY - SCIE","65,426","17.367","Q1","3.54",
"Science Advances","SCI ADV","2375-2548","2375-2548","MULTIDISCIPLINARY SCIENCES - SCIE","65,205","14.143","Q1","2.71",
"JOURNAL OF CLIMATE","J CLIMATE","0894-8755","1520-0442","METEOROLOGY & ATMOSPHERIC SCIENCES - SCIE","65,189","5.148","Q1","1.48",
"JOURNAL OF MOLECULAR BIOLOGY","J MOL BIOL","0022-2836","1089-8638","BIOCHEMISTRY & MOLECULAR BIOLOGY - SCIE","65,163","5.469","Q2","0.94",
"PLANT CELL","PLANT CELL","1040-4651","1532-298X","CELL BIOLOGY - SCIE; BIOCHEMISTRY & MOLECULAR BIOLOGY - SCIE; PLANT SCIENCES - SCIE","64,794","11.277","Q1","2.46",
"EUROPEAN JOURNAL OF OPERATIONAL RESEARCH","EUR J OPER RES","0377-2217","1872-6860","OPERATIONS RESEARCH & MANAGEMENT SCIENCE - SCIE","64,756","5.334","Q1","1.42",
"PROCEEDINGS OF THE ROYAL SOCIETY B-BIOLOGICAL SCIENCES","P ROY SOC B-BIOL SCI","0962-8452","1471-2954","BIOLOGY - SCIE; EVOLUTIONARY BIOLOGY - SCIE; ECOLOGY - SCIE","64,665","5.349","Q1","1.3",
"BRAIN","BRAIN","0006-8950","1460-2156","CLINICAL NEUROLOGY - SCIE; NEUROSCIENCES - SCIE","64,627","13.501","Q1","3.28",
"ANNALS OF SURGERY","ANN SURG","0003-4932","1528-1140","SURGERY - SCIE","64,045","12.969","Q1","4.52",
"INTERNATIONAL JOURNAL OF CANCER","INT J CANCER","0020-7136","1097-0215","ONCOLOGY - SCIE","64,015","7.396","Q1","1.5",
"JOURNAL OF PHYSICAL CHEMISTRY A","J PHYS CHEM A","1089-5639","1520-5215","PHYSICS, ATOMIC, MOLECULAR & CHEMICAL - SCIE; CHEMISTRY, PHYSICAL - SCIE","63,916","2.781","Q2","0.63",
"DEVELOPMENT","DEVELOPMENT","0950-1991","1477-9129","DEVELOPMENTAL BIOLOGY - SCIE","63,735","6.868","Q1","1.63",
"JOURNAL OF ALLERGY AND CLINICAL IMMUNOLOGY","J ALLERGY CLIN IMMUN","0091-6749","1097-6825","IMMUNOLOGY - SCIE; ALLERGY - SCIE","63,615","10.793","Q1","2.34",
"JOURNAL OF MATERIALS SCIENCE","J MATER SCI","0022-2461","1573-4803","MATERIALS SCIENCE, MULTIDISCIPLINARY - SCIE","63,029","4.22","Q2","0.76",
"JOURNAL OF ENVIRONMENTAL MANAGEMENT","J ENVIRON MANAGE","0301-4797","1095-8630","ENVIRONMENTAL SCIENCES - SCIE","62,838","6.789","Q1","1.35",
"NATURE REVIEWS CANCER","NAT REV CANCER","1474-175X","1474-1768","ONCOLOGY - SCIE","62,391","60.716","Q1","7.64",
"ACS Sustainable Chemistry & Engineering","ACS SUSTAIN CHEM ENG","2168-0485","2168-0485","GREEN & SUSTAINABLE SCIENCE & TECHNOLOGY - SCIE; CHEMISTRY, MULTIDISCIPLINARY - SCIE; ENGINEERING, CHEMICAL - SCIE","62,273","8.198","Q1","1.5",
"Journal of Materials Chemistry C","J MATER CHEM C","2050-7526","2050-7534","PHYSICS, APPLIED - SCIE; MATERIALS SCIENCE, MULTIDISCIPLINARY - SCIE","62,169","7.393","Q1","1.37",
"GENES & DEVELOPMENT","GENE DEV","0890-9369","1549-5477","CELL BIOLOGY - SCIE; DEVELOPMENTAL BIOLOGY - SCIE; GENETICS & HEREDITY - SCIE","61,885","11.361","Q1","2.19",
"JOURNAL OF EXPERIMENTAL BOTANY","J EXP BOT","0022-0957","1460-2431","PLANT SCIENCES - SCIE","61,679","6.992","Q1","1.64",
"MOLECULAR BIOLOGY AND EVOLUTION","MOL BIOL EVOL","0737-4038","1537-1719","GENETICS & HEREDITY - SCIE; EVOLUTIONARY BIOLOGY - SCIE; BIOCHEMISTRY & MOLECULAR BIOLOGY - SCIE","61,557","16.24","Q1","2.87",
"ANNALS OF ONCOLOGY","ANN ONCOL","0923-7534","1569-8041","ONCOLOGY - SCIE","61,543","32.976","Q1","3.54",
"JOURNAL OF COMPUTATIONAL PHYSICS","J COMPUT PHYS","0021-9991","1090-2716","PHYSICS, MATHEMATICAL - SCIE; COMPUTER SCIENCE, INTERDISCIPLINARY APPLICATIONS - SCIE","61,292","3.553","Q1","1.16",
"ATMOSPHERIC CHEMISTRY AND PHYSICS","ATMOS CHEM PHYS","1680-7316","1680-7324","METEOROLOGY & ATMOSPHERIC SCIENCES - SCIE; ENVIRONMENTAL SCIENCES - SCIE","61,280","6.133","Q1","1.45",
"INTERNATIONAL JOURNAL OF PHARMACEUTICS","INT J PHARMACEUT","0378-5173","1873-3476","PHARMACOLOGY & PHARMACY - SCIE","61,118","5.875","Q1","1.66",
"DIABETES","DIABETES","0012-1797","1939-327X","ENDOCRINOLOGY & METABOLISM - SCIE","60,910","9.461","Q1","1.83",
"JOURNAL OF CONTROLLED RELEASE","J CONTROL RELEASE","0168-3659","1873-4995","PHARMACOLOGY & PHARMACY - SCIE; CHEMISTRY, MULTIDISCIPLINARY - SCIE","60,586","9.776","Q1","1.86",
"Nutrients","NUTRIENTS","N/A","2072-6643","NUTRITION & DIETETICS - SCIE","60,551","5.719","Q1","1.04",
"ENERGY POLICY","ENERG POLICY","0301-4215","1873-6777","ENVIRONMENTAL SCIENCES - SCIE; ECONOMICS - SSCI; ENVIRONMENTAL STUDIES - SSCI; ENERGY & FUELS - SCIE","60,369","6.142","Q1","1.63",
"TETRAHEDRON LETTERS","TETRAHEDRON LETT","0040-4039","1873-3581","CHEMISTRY, ORGANIC - SCIE","60,350","2.415","Q3","0.67",
"Journal of Physical Chemistry Letters","J PHYS CHEM LETT","1948-7185","N/A","PHYSICS, ATOMIC, MOLECULAR & CHEMICAL - SCIE; CHEMISTRY, PHYSICAL - SCIE; MATERIALS SCIENCE, MULTIDISCIPLINARY - SCIE; NANOSCIENCE & NANOTECHNOLOGY - SCIE","60,161","6.475","Q1","1.33",
"GREEN CHEMISTRY","GREEN CHEM","1463-9262","1463-9270","CHEMISTRY, MULTIDISCIPLINARY - SCIE; GREEN & SUSTAINABLE SCIENCE & TECHNOLOGY - SCIE","60,001","10.182","Q1","1.66",
"IEEE TRANSACTIONS ON PATTERN ANALYSIS AND MACHINE INTELLIGENCE","IEEE T PATTERN ANAL","0162-8828","1939-3539","COMPUTER SCIENCE, ARTIFICIAL INTELLIGENCE - SCIE; ENGINEERING, ELECTRICAL & ELECTRONIC - SCIE","59,682","16.389","Q1","5.24",
"Biomed Research International","BIOMED RES INT","2314-6133","2314-6141","BIOTECHNOLOGY & APPLIED MICROBIOLOGY - SCIE; MEDICINE, RESEARCH & EXPERIMENTAL - SCIE","59,553","3.411","Q2","0.61",
"MOLECULAR AND CELLULAR BIOLOGY","MOL CELL BIOL","0270-7306","1098-5549","BIOCHEMISTRY & MOLECULAR BIOLOGY - SCIE; CELL BIOLOGY - SCIE","59,220","4.272","Q2","0.73",
"ENERGY & FUELS","ENERG FUEL","0887-0624","1520-5029","ENGINEERING, CHEMICAL - SCIE; ENERGY & FUELS - SCIE","59,088","3.605","Q2","0.6",
"JOURNAL OF CLINICAL MICROBIOLOGY","J CLIN MICROBIOL","0095-1137","1098-660X","MICROBIOLOGY - SCIE","59,062","5.948","Q1","1.27",
"CHEST","CHEST","0012-3692","1931-3543","RESPIRATORY SYSTEM - SCIE; CRITICAL CARE MEDICINE - SCIE","58,779","9.41","Q1","2.08",
"NATURE REVIEWS MOLECULAR CELL BIOLOGY","NAT REV MOL CELL BIO","1471-0072","1471-0080","CELL BIOLOGY - SCIE","58,477","94.444","Q1","7.01",
"GUT","GUT","0017-5749","1468-3288","GASTROENTEROLOGY & HEPATOLOGY - SCIE","58,320","23.059","Q1","4.83",
"JOURNAL OF GEOPHYSICAL RESEARCH-SOLID EARTH","J GEOPHYS RES-SOL EA","2169-9313","2169-9356","GEOCHEMISTRY & GEOPHYSICS - SCIE","58,203","3.848","Q1","1.23",
"BRAIN RESEARCH","BRAIN RES","0006-8993","1872-6240","NEUROSCIENCES - SCIE","58,196","3.252","Q3","0.75",
"ANALYTICA CHIMICA ACTA","ANAL CHIM ACTA","0003-2670","1873-4324","CHEMISTRY, ANALYTICAL - SCIE","58,171","6.558","Q1","1.43",
"REVIEWS OF MODERN PHYSICS","REV MOD PHYS","0034-6861","1539-0756","PHYSICS, MULTIDISCIPLINARY - SCIE","58,097","54.494","Q1","12.72",
"JOURNAL OF PHYSIOLOGY-LONDON","J PHYSIOL-LONDON","0022-3751","1469-7793","PHYSIOLOGY - SCIE; NEUROSCIENCES - SCIE","58,036","5.182","Q1","1.37",
"IEEE TRANSACTIONS ON IMAGE PROCESSING","IEEE T IMAGE PROCESS","1057-7149","1941-0042","COMPUTER SCIENCE, ARTIFICIAL INTELLIGENCE - SCIE; ENGINEERING, ELECTRICAL & ELECTRONIC - SCIE","58,008","10.856","Q1","2.31",
"ANNALS OF THE RHEUMATIC DISEASES","ANN RHEUM DIS","0003-4967","1468-2060","RHEUMATOLOGY - SCIE","58,006","19.103","Q1","3.82",
"SOCIAL SCIENCE & MEDICINE","SOC SCI MED","0277-9536","1873-5347","SOCIAL SCIENCES, BIOMEDICAL - SSCI; PUBLIC, ENVIRONMENTAL & OCCUPATIONAL HEALTH - SSCI; PUBLIC, ENVIRONMENTAL & OCCUPATIONAL HEALTH - SCIE","57,970","4.634","Q1","1.49",
"IEEE TRANSACTIONS ON POWER ELECTRONICS","IEEE T POWER ELECTR","0885-8993","1941-0107","ENGINEERING, ELECTRICAL & ELECTRONIC - SCIE","57,961","6.153","Q1","2.06",
"Frontiers in Psychology","FRONT PSYCHOL","1664-1078","1664-1078","PSYCHOLOGY, MULTIDISCIPLINARY - SSCI","57,312","2.988","Q2","0.93",
"GLOBAL CHANGE BIOLOGY","GLOBAL CHANGE BIOL","1354-1013","1365-2486","ENVIRONMENTAL SCIENCES - SCIE; ECOLOGY - SCIE; BIODIVERSITY CONSERVATION - SCIE","57,195","10.863","Q1","2.55",
"BMC PUBLIC HEALTH","BMC PUBLIC HEALTH","N/A","1471-2458","PUBLIC, ENVIRONMENTAL & OCCUPATIONAL HEALTH - SCIE","57,111","3.295","Q2","1.08",
"PHILOSOPHICAL TRANSACTIONS OF THE ROYAL SOCIETY B-BIOLOGICAL SCIENCES","PHILOS T R SOC B","0962-8436","1471-2970","BIOLOGY - SCIE","56,924","6.238","Q1","1.48",
"Remote Sensing","REMOTE SENS-BASEL","N/A","2072-4292","GEOSCIENCES, MULTIDISCIPLINARY - SCIE; ENVIRONMENTAL SCIENCES - SCIE; REMOTE SENSING - SCIE; IMAGING SCIENCE & PHOTOGRAPHIC TECHNOLOGY - SCIE","56,704","4.848","Q1","1.15",
"JOURNAL OF CATALYSIS","J CATAL","0021-9517","1090-2694","CHEMISTRY, PHYSICAL - SCIE; ENGINEERING, CHEMICAL - SCIE","56,579","7.92","Q1","1.4",
"TALANTA","TALANTA","0039-9140","1873-3573","CHEMISTRY, ANALYTICAL - SCIE","56,147","6.057","Q1","1.48",
"JOURNAL OF APPLIED PSYCHOLOGY","J APPL PSYCHOL","0021-9010","1939-1854","PSYCHOLOGY, APPLIED - SSCI; MANAGEMENT - SSCI","56,017","7.429","Q1","2.29",
"MATERIALS LETTERS","MATER LETT","0167-577X","1873-4979","PHYSICS, APPLIED - SCIE; MATERIALS SCIENCE, MULTIDISCIPLINARY - SCIE","55,950","3.423","Q2","0.74",
"CA-A CANCER JOURNAL FOR CLINICIANS","CA-CANCER J CLIN","0007-9235","1542-4863","ONCOLOGY - SCIE","55,868","508.702","Q1","77.64",
"NATURE REVIEWS IMMUNOLOGY","NAT REV IMMUNOL","1474-1733","1474-1741","IMMUNOLOGY - SCIE","55,784","53.106","Q1","5.66",
"PLoS Pathogens","PLOS PATHOG","1553-7366","1553-7374","PARASITOLOGY - SCIE; MICROBIOLOGY - SCIE; VIROLOGY - SCIE","55,666","6.823","Q1","1.85",
"BIOPHYSICAL JOURNAL","BIOPHYS J","0006-3495","1542-0086","BIOPHYSICS - SCIE","55,479","4.033","Q2","0.96",
"EXPERT SYSTEMS WITH APPLICATIONS","EXPERT SYST APPL","0957-4174","1873-6793","OPERATIONS RESEARCH & MANAGEMENT SCIENCE - SCIE; ENGINEERING, ELECTRICAL & ELECTRONIC - SCIE; COMPUTER SCIENCE, ARTIFICIAL INTELLIGENCE - SCIE","55,444","6.954","Q1","1.68",
"BMJ Open","BMJ OPEN","2044-6055","2044-6055","MEDICINE, GENERAL & INTERNAL - SCIE","55,070","2.692","Q2","0.82",
"ACADEMY OF MANAGEMENT JOURNAL","ACAD MANAGE J","0001-4273","1948-0989","BUSINESS - SSCI; MANAGEMENT - SSCI","54,951","10.194","Q1","2.61",
"BRITISH JOURNAL OF CANCER","BRIT J CANCER","0007-0920","1532-1827","ONCOLOGY - SCIE","54,928","7.64","Q1","1.35",
"PLANT JOURNAL","PLANT J","0960-7412","1365-313X","PLANT SCIENCES - SCIE","54,831","6.486","Q1","2.31",
"JOURNAL OF INFECTIOUS DISEASES","J INFECT DIS","0022-1899","1537-6613","INFECTIOUS DISEASES - SCIE; IMMUNOLOGY - SCIE; MICROBIOLOGY - SCIE","54,782","5.226","Q1","1.4",
"GENOME BIOLOGY","GENOME BIOL","1474-760X","1474-760X","BIOTECHNOLOGY & APPLIED MICROBIOLOGY - SCIE; GENETICS & HEREDITY - SCIE","54,758","13.583","Q1","3.04",
"SURFACE & COATINGS TECHNOLOGY","SURF COAT TECH","0257-8972","1879-3347","PHYSICS, APPLIED - SCIE; MATERIALS SCIENCE, COATINGS & FILMS - SCIE","54,675","4.158","Q1","0.88",
"FEBS LETTERS","FEBS LETT","0014-5793","1873-3468","BIOPHYSICS - SCIE; BIOCHEMISTRY & MOLECULAR BIOLOGY - SCIE; CELL BIOLOGY - SCIE","54,621","4.124","Q1","0.6",
"NATURE IMMUNOLOGY","NAT IMMUNOL","1529-2908","1529-2916","IMMUNOLOGY - SCIE","54,588","25.606","Q1","4.92",
"APPLIED MICROBIOLOGY AND BIOTECHNOLOGY","APPL MICROBIOL BIOT","0175-7598","1432-0614","BIOTECHNOLOGY & APPLIED MICROBIOLOGY - SCIE","54,507","4.813","Q1","0.88",
"FASEB JOURNAL","FASEB J","0892-6638","1530-6860","BIOLOGY - SCIE; BIOCHEMISTRY & MOLECULAR BIOLOGY - SCIE; CELL BIOLOGY - SCIE","54,292","5.192","Q1","1.09",
"IEEE TRANSACTIONS ON AUTOMATIC CONTROL","IEEE T AUTOMAT CONTR","0018-9286","1558-2523","AUTOMATION & CONTROL SYSTEMS - SCIE; ENGINEERING, ELECTRICAL & ELECTRONIC - SCIE","54,052","5.792","Q1","1.61",
"JOURNAL OF UROLOGY","J UROLOGY","0022-5347","1527-3792","UROLOGY & NEPHROLOGY - SCIE","53,977","7.45","Q1","2.09",
"JOURNAL OF BONE AND JOINT SURGERY-AMERICAN VOLUME","J BONE JOINT SURG AM","0021-9355","1535-1386","SURGERY - SCIE; ORTHOPEDICS - SCIE","53,701","5.284","Q1","1.91",
"AMERICAN JOURNAL OF OBSTETRICS AND GYNECOLOGY","AM J OBSTET GYNECOL","0002-9378","1097-6868","OBSTETRICS & GYNECOLOGY - SCIE","53,462","8.661","Q1","2.57",
"SPINE","SPINE","0362-2436","1528-1159","ORTHOPEDICS - SCIE; CLINICAL NEUROLOGY - SCIE","53,384","3.468","Q1","1.08",
"EUROPEAN RESPIRATORY JOURNAL","EUR RESPIR J","0903-1936","1399-3003","RESPIRATORY SYSTEM - SCIE","53,361","16.671","Q1","2.97",
"PHYSICAL REVIEW C","PHYS REV C","2469-9985","2469-9993","PHYSICS, NUCLEAR - SCIE","53,343","3.296","Q2","1.38",
"COMPOSITES PART B-ENGINEERING","COMPOS PART B-ENG","1359-8368","1879-1069","ENGINEERING, MULTIDISCIPLINARY - SCIE; MATERIALS SCIENCE, COMPOSITES - SCIE","53,309","9.078","Q1","2.63",
"DESALINATION","DESALINATION","0011-9164","1873-4464","ENGINEERING, CHEMICAL - SCIE; WATER RESOURCES - SCIE","53,052","9.501","Q1","2.01",
"AQUACULTURE","AQUACULTURE","0044-8486","1873-5622","MARINE & FRESHWATER BIOLOGY - SCIE; FISHERIES - SCIE","52,908","4.242","Q1","1.54",
"Nature Photonics","NAT PHOTONICS","1749-4885","1749-4893","PHYSICS, APPLIED - SCIE; OPTICS - SCIE","52,833","38.771","Q1","8.75",
"BIOCHEMICAL JOURNAL","BIOCHEM J","0264-6021","1470-8728","BIOCHEMISTRY & MOLECULAR BIOLOGY - SCIE","52,813","3.857","Q3","0.7",
"WORLD JOURNAL OF GASTROENTEROLOGY","WORLD J GASTROENTERO","1007-9327","2219-2840","GASTROENTEROLOGY & HEPATOLOGY - SCIE","52,777","5.742","Q2","0.79",
"FREE RADICAL BIOLOGY AND MEDICINE","FREE RADICAL BIO MED","0891-5849","1873-4596","ENDOCRINOLOGY & METABOLISM - SCIE; BIOCHEMISTRY & MOLECULAR BIOLOGY - SCIE","52,730","7.376","Q1","1.34",
"JOURNAL OF FINANCE","J FINANC","0022-1082","1540-6261","BUSINESS, FINANCE - SSCI; ECONOMICS - SSCI","52,685","7.544","Q1","3.4",
"ANNALS OF THE NEW YORK ACADEMY OF SCIENCES","ANN NY ACAD SCI","0077-8923","1749-6632","MULTIDISCIPLINARY SCIENCES - SCIE","52,619","5.691","Q1","0.74",
"KIDNEY INTERNATIONAL","KIDNEY INT","0085-2538","1523-1755","UROLOGY & NEPHROLOGY - SCIE","52,616","10.612","Q1","3.01",
"NATURE CELL BIOLOGY","NAT CELL BIOL","1465-7392","1476-4679","CELL BIOLOGY - SCIE","52,554","28.824","Q1","3.85",
"COMPOSITE STRUCTURES","COMPOS STRUCT","0263-8223","1879-1085","MECHANICS - SCIE; MATERIALS SCIENCE, COMPOSITES - SCIE","52,533","5.407","Q1","1.29",
"PLoS Genetics","PLOS GENET","1553-7404","1553-7404","GENETICS & HEREDITY - SCIE","52,461","5.917","Q1","1.43",
"JOURNAL OF THE AMERICAN CERAMIC SOCIETY","J AM CERAM SOC","0002-7820","1551-2916","MATERIALS SCIENCE, CERAMICS - SCIE","52,460","3.784","Q1","1.14",
"Materials","MATERIALS","N/A","1996-1944","METALLURGY & METALLURGICAL ENGINEERING - SCIE; PHYSICS, CONDENSED MATTER - SCIE; PHYSICS, APPLIED - SCIE; CHEMISTRY, PHYSICAL - SCIE; MATERIALS SCIENCE, MULTIDISCIPLINARY - SCIE","52,459","3.623","Q1","0.63",
"JOURNAL OF CELL SCIENCE","J CELL SCI","0021-9533","1477-9137","CELL BIOLOGY - SCIE","52,388","5.285","Q2","0.8",
"JOURNAL OF HEPATOLOGY","J HEPATOL","0168-8278","1600-0641","GASTROENTEROLOGY & HEPATOLOGY - SCIE","52,239","25.083","Q1","4.06",
"Cell Metabolism","CELL METAB","1550-4131","1932-7420","ENDOCRINOLOGY & METABOLISM - SCIE; CELL BIOLOGY - SCIE","52,194","27.287","Q1","4.62",
"APPLIED OPTICS","APPL OPTICS","1559-128X","2155-3165","OPTICS - SCIE","51,811","1.98","Q3","0.69",
"CORROSION SCIENCE","CORROS SCI","0010-938X","1879-0496","MATERIALS SCIENCE, MULTIDISCIPLINARY - SCIE; METALLURGY & METALLURGICAL ENGINEERING - SCIE","51,405","7.205","Q1","1.71",
"Acta Biomaterialia","ACTA BIOMATER","1742-7061","1878-7568","MATERIALS SCIENCE, BIOMATERIALS - SCIE; ENGINEERING, BIOMEDICAL - SCIE","51,403","8.947","Q1","1.76",
"AMERICAN JOURNAL OF PUBLIC HEALTH","AM J PUBLIC HEALTH","0090-0036","1541-0048","PUBLIC, ENVIRONMENTAL & OCCUPATIONAL HEALTH - SSCI; PUBLIC, ENVIRONMENTAL & OCCUPATIONAL HEALTH - SCIE","51,399","9.308","Q1","2.01",
"ENERGY AND BUILDINGS","ENERG BUILDINGS","0378-7788","1872-6178","ENGINEERING, CIVIL - SCIE; CONSTRUCTION & BUILDING TECHNOLOGY - SCIE; ENERGY & FUELS - SCIE","51,254","5.879","Q1","1.26",
"BMC GENOMICS","BMC GENOMICS","1471-2164","1471-2164","GENETICS & HEREDITY - SCIE; BIOTECHNOLOGY & APPLIED MICROBIOLOGY - SCIE","51,069","3.969","Q2","0.99",
"CEMENT AND CONCRETE RESEARCH","CEMENT CONCRETE RES","0008-8846","1873-3948","MATERIALS SCIENCE, MULTIDISCIPLINARY - SCIE; CONSTRUCTION & BUILDING TECHNOLOGY - SCIE","51,010","10.933","Q1","2.01",
"CHEMICAL PHYSICS LETTERS","CHEM PHYS LETT","0009-2614","1873-4448","PHYSICS, ATOMIC, MOLECULAR & CHEMICAL - SCIE; CHEMISTRY, PHYSICAL - SCIE","50,930","2.328","Q2","0.51",
"JOURNAL OF PHYSICS-CONDENSED MATTER","J PHYS-CONDENS MAT","0953-8984","1361-648X","PHYSICS, CONDENSED MATTER - SCIE","50,901","2.333","Q3","0.42",
"NEUROSCIENCE","NEUROSCIENCE","0306-4522","1873-7544","NEUROSCIENCES - SCIE","50,895","3.59","Q3","0.83",
"Nature Protocols","NAT PROTOC","1754-2189","1750-2799","BIOCHEMICAL RESEARCH METHODS - SCIE","50,848","13.491","Q1","3.23",
"CANCER CELL","CANCER CELL","1535-6108","1878-3686","ONCOLOGY - SCIE; CELL BIOLOGY - SCIE","50,839","31.743","Q1","5.31",
"Materials Science & Engineering C-Materials for Biological Applications","MAT SCI ENG C-MATER","0928-4931","1873-0191","MATERIALS SCIENCE, BIOMATERIALS - SCIE","50,537","7.328","Q1","1.27",
"INTERNATIONAL JOURNAL OF RADIATION ONCOLOGY BIOLOGY PHYSICS","INT J RADIAT ONCOL","0360-3016","1879-355X","ONCOLOGY - SCIE; RADIOLOGY, NUCLEAR MEDICINE & MEDICAL IMAGING - SCIE","50,525","7.038","Q1","1.42",
"OPHTHALMOLOGY","OPHTHALMOLOGY","0161-6420","1549-4713","OPHTHALMOLOGY - SCIE","50,321","12.079","Q1","4.01",
"INFECTION AND IMMUNITY","INFECT IMMUN","0019-9567","1098-5522","IMMUNOLOGY - SCIE; INFECTIOUS DISEASES - SCIE","50,234","3.441","Q3","0.9",
"BIOLOGICAL PSYCHIATRY","BIOL PSYCHIAT","0006-3223","1873-2402","PSYCHIATRY - SCIE; NEUROSCIENCES - SCIE","50,157","13.382","Q1","2.91",
"MEDICINE","MEDICINE","0025-7974","1536-5964","MEDICINE, GENERAL & INTERNAL - SCIE","50,120","1.889","Q3","0.5",
"VACCINE","VACCINE","0264-410X","1873-2518","MEDICINE, RESEARCH & EXPERIMENTAL - SCIE; IMMUNOLOGY - SCIE","50,114","3.641","Q3","0.88",
"NATURE REVIEWS NEUROSCIENCE","NAT REV NEUROSCI","1471-003X","1471-0048","NEUROSCIENCES - SCIE","49,900","34.87","Q1","4.53",
"JOURNAL OF MOLECULAR LIQUIDS","J MOL LIQ","0167-7322","1873-3166","PHYSICS, ATOMIC, MOLECULAR & CHEMICAL - SCIE; CHEMISTRY, PHYSICAL - SCIE","49,876","6.165","Q1","1.21",
"CHEMICAL ENGINEERING SCIENCE","CHEM ENG SCI","0009-2509","1873-4405","ENGINEERING, CHEMICAL - SCIE","49,734","4.311","Q2","0.83",
"EUROPEAN JOURNAL OF MEDICINAL CHEMISTRY","EUR J MED CHEM","0223-5234","1768-3254","CHEMISTRY, MEDICINAL - SCIE","49,504","6.514","Q1","1.9",
"SOIL BIOLOGY & BIOCHEMISTRY","SOIL BIOL BIOCHEM","0038-0717","1879-3428","SOIL SCIENCE - SCIE","49,474","7.609","Q1","1.82",
"JOURNAL OF THE ACOUSTICAL SOCIETY OF AMERICA","J ACOUST SOC AM","0001-4966","1520-8524","ACOUSTICS - SCIE; AUDIOLOGY & SPEECH-LANGUAGE PATHOLOGY - SCIE","49,404","1.84","Q2","0.8",
"NANOTECHNOLOGY","NANOTECHNOLOGY","0957-4484","1361-6528","PHYSICS, APPLIED - SCIE; MATERIALS SCIENCE, MULTIDISCIPLINARY - SCIE; NANOSCIENCE & NANOTECHNOLOGY - SCIE","49,078","3.874","Q2","0.65",
"JOURNAL OF APPLIED PHYSIOLOGY","J APPL PHYSIOL","8750-7587","1522-1601","PHYSIOLOGY - SCIE; SPORT SCIENCES - SCIE","48,958","3.532","Q2","1.05",
"IEEE TRANSACTIONS ON GEOSCIENCE AND REMOTE SENSING","IEEE T GEOSCI REMOTE","0196-2892","1558-0644","IMAGING SCIENCE & PHOTOGRAPHIC TECHNOLOGY - SCIE; ENGINEERING, ELECTRICAL & ELECTRONIC - SCIE; GEOCHEMISTRY & GEOPHYSICS - SCIE; REMOTE SENSING - SCIE","48,898","5.6","Q1","1.66",
"Energies","ENERGIES","N/A","1996-1073","ENERGY & FUELS - SCIE","48,855","3.004","Q3","0.45",
"MARINE POLLUTION BULLETIN","MAR POLLUT BULL","0025-326X","1879-3363","ENVIRONMENTAL SCIENCES - SCIE; MARINE & FRESHWATER BIOLOGY - SCIE","48,810","5.553","Q1","1.44",
"JOURNAL OF PHYSICS D-APPLIED PHYSICS","J PHYS D APPL PHYS","0022-3727","1361-6463","PHYSICS, APPLIED - SCIE","48,515","3.207","Q2","0.58",
"STRATEGIC MANAGEMENT JOURNAL","STRATEGIC MANAGE J","0143-2095","1097-0266","MANAGEMENT - SSCI; BUSINESS - SSCI","48,420","8.641","Q1","2.13",
"ENVIRONMENTAL HEALTH PERSPECTIVES","ENVIRON HEALTH PERSP","0091-6765","1552-9924","TOXICOLOGY - SCIE; ENVIRONMENTAL SCIENCES - SCIE; PUBLIC, ENVIRONMENTAL & OCCUPATIONAL HEALTH - SCIE","48,245","9.031","Q1","2.4",
"JOURNAL OF THE AMERICAN STATISTICAL ASSOCIATION","J AM STAT ASSOC","0162-1459","1537-274X","STATISTICS & PROBABILITY - SCIE","48,223","5.033","Q1","1.92",
"AMERICAN JOURNAL OF PSYCHIATRY","AM J PSYCHIAT","0002-953X","1535-7228","PSYCHIATRY - SCIE; PSYCHIATRY - SSCI","48,212","18.112","Q1","4.46",
"SEPARATION AND PURIFICATION TECHNOLOGY","SEP PURIF TECHNOL","1383-5866","1873-3794","ENGINEERING, CHEMICAL - SCIE","48,147","7.312","Q1","1.38",
"ACADEMY OF MANAGEMENT REVIEW","ACAD MANAGE REV","0363-7425","1930-3807","MANAGEMENT - SSCI; BUSINESS - SSCI","47,985","12.638","Q1","3.08",
"JOURNAL OF FINANCIAL ECONOMICS","J FINANC ECON","0304-405X","N/A","BUSINESS, FINANCE - SSCI; ECONOMICS - SSCI","47,904","6.988","Q1","2.9",
"CRITICAL CARE MEDICINE","CRIT CARE MED","0090-3493","1530-0293","CRITICAL CARE MEDICINE - SCIE","47,631","7.598","Q1","1.66",
"JOURNAL OF COMPUTATIONAL CHEMISTRY","J COMPUT CHEM","0192-8651","1096-987X","CHEMISTRY, MULTIDISCIPLINARY - SCIE","47,587","3.376","Q2","0.6",
"IEEE TRANSACTIONS ON POWER SYSTEMS","IEEE T POWER SYST","0885-8950","1558-0679","ENGINEERING, ELECTRICAL & ELECTRONIC - SCIE","47,533","6.663","Q1","1.88",
"SOLAR ENERGY","SOL ENERGY","0038-092X","1471-1257","ENERGY & FUELS - SCIE","47,228","5.742","Q2","0.83",
"HUMAN MOLECULAR GENETICS","HUM MOL GENET","0964-6906","1460-2083","BIOCHEMISTRY & MOLECULAR BIOLOGY - SCIE; GENETICS & HEREDITY - SCIE","47,192","6.15","Q1","1.28",
"GENOME RESEARCH","GENOME RES","1088-9051","1549-5469","BIOCHEMISTRY & MOLECULAR BIOLOGY - SCIE; BIOTECHNOLOGY & APPLIED MICROBIOLOGY - SCIE; GENETICS & HEREDITY - SCIE","47,142","9.043","Q1","2.69",
"JOURNAL OF AFFECTIVE DISORDERS","J AFFECT DISORDERS","0165-0327","1573-2517","PSYCHIATRY - SSCI; CLINICAL NEUROLOGY - SCIE; PSYCHIATRY - SCIE","46,992","4.839","Q1","1.27",
"JOURNAL OF BUSINESS RESEARCH","J BUS RES","0148-2963","1873-7978","BUSINESS - SSCI","46,935","7.55","Q1","1.87",
"NEUROCOMPUTING","NEUROCOMPUTING","0925-2312","1872-8286","COMPUTER SCIENCE, ARTIFICIAL INTELLIGENCE - SCIE","46,751","5.719","Q1","1.16",
"IEEE TRANSACTIONS ON ANTENNAS AND PROPAGATION","IEEE T ANTENN PROPAG","0018-926X","1558-2221","TELECOMMUNICATIONS - SCIE; ENGINEERING, ELECTRICAL & ELECTRONIC - SCIE","46,705","4.388","Q1","1.29",
"JOURNAL OF NUTRITION","J NUTR","0022-3166","1541-6100","NUTRITION & DIETETICS - SCIE","46,705","4.798","Q2","1.14",
"JOURNAL OF BUSINESS ETHICS","J BUS ETHICS","0167-4544","1573-0697","ETHICS - SSCI; BUSINESS - SSCI","46,649","6.43","Q1","2.09",
"INTERNATIONAL JOURNAL OF ADVANCED MANUFACTURING TECHNOLOGY","INT J ADV MANUF TECH","0268-3768","1433-3015","ENGINEERING, MANUFACTURING - SCIE; AUTOMATION & CONTROL SYSTEMS - SCIE","46,641","3.226","Q2","0.69",
"GENETICS","GENETICS","0016-6731","1943-2631","GENETICS & HEREDITY - SCIE","46,409","4.562","Q2","1.08",
"ENDOCRINOLOGY","ENDOCRINOLOGY","0013-7227","1945-7170","ENDOCRINOLOGY & METABOLISM - SCIE","46,021","4.736","Q2","1.02",
"FERTILITY AND STERILITY","FERTIL STERIL","0015-0282","1556-5653","OBSTETRICS & GYNECOLOGY - SCIE; REPRODUCTIVE BIOLOGY - SCIE","45,819","7.329","Q1","2.1",
"TETRAHEDRON","TETRAHEDRON","0040-4020","1464-5416","CHEMISTRY, ORGANIC - SCIE","45,774","2.457","Q2","0.69",
"BIOMACROMOLECULES","BIOMACROMOLECULES","1525-7797","1526-4602","POLYMER SCIENCE - SCIE; BIOCHEMISTRY & MOLECULAR BIOLOGY - SCIE; CHEMISTRY, ORGANIC - SCIE","45,724","6.988","Q1","1.6",
"PLASTIC AND RECONSTRUCTIVE SURGERY","PLAST RECONSTR SURG","0032-1052","1529-4242","SURGERY - SCIE","45,657","4.763","Q1","1.64",
"GEOLOGY","GEOLOGY","0091-7613","1943-2682","GEOLOGY - SCIE","45,655","5.399","Q1","2.32",
"CATALYSIS TODAY","CATAL TODAY","0920-5861","1873-4308","CHEMISTRY, PHYSICAL - SCIE; CHEMISTRY, APPLIED - SCIE; ENGINEERING, CHEMICAL - SCIE","45,591","6.766","Q1","1.24",
"JOURNAL OF ETHNOPHARMACOLOGY","J ETHNOPHARMACOL","0378-8741","1872-7573","PLANT SCIENCES - SCIE; INTEGRATIVE & COMPLEMENTARY MEDICINE - SCIE; CHEMISTRY, MEDICINAL - SCIE; PHARMACOLOGY & PHARMACY - SCIE","45,551","4.36","Q1","1.35",
"JOURNAL OF THE AMERICAN SOCIETY OF NEPHROLOGY","J AM SOC NEPHROL","1046-6673","1533-3450","UROLOGY & NEPHROLOGY - SCIE","45,534","10.121","Q1","3.27",
"Science Translational Medicine","SCI TRANSL MED","1946-6234","1946-6242","CELL BIOLOGY - SCIE; MEDICINE, RESEARCH & EXPERIMENTAL - SCIE","45,509","17.992","Q1","4.05",
"ECONOMETRICA","ECONOMETRICA","0012-9682","1468-0262","STATISTICS & PROBABILITY - SCIE; MATHEMATICS, INTERDISCIPLINARY APPLICATIONS - SCIE; SOCIAL SCIENCES, MATHEMATICAL METHODS - SSCI; ECONOMICS - SSCI","45,506","5.844","Q1","2.2",
"AUTOMATICA","AUTOMATICA","0005-1098","1873-2836","AUTOMATION & CONTROL SYSTEMS - SCIE; ENGINEERING, ELECTRICAL & ELECTRONIC - SCIE","45,412","5.944","Q1","1.64",
"PAIN","PAIN","0304-3959","1872-6623","CLINICAL NEUROLOGY - SCIE; ANESTHESIOLOGY - SCIE; NEUROSCIENCES - SCIE","45,326","6.961","Q1","1.85",
"MANAGEMENT SCIENCE","MANAGE SCI","0025-1909","1526-5501","OPERATIONS RESEARCH & MANAGEMENT SCIENCE - SCIE; MANAGEMENT - SSCI","45,297","4.883","Q1","1.24",
"CHEMICAL GEOLOGY","CHEM GEOL","0009-2541","1872-6836","GEOCHEMISTRY & GEOPHYSICS - SCIE","45,176","4.015","Q1","1.26",
"COMPUTERS IN HUMAN BEHAVIOR","COMPUT HUM BEHAV","0747-5632","1873-7692","PSYCHOLOGY, EXPERIMENTAL - SSCI; PSYCHOLOGY, MULTIDISCIPLINARY - SSCI","45,035","6.829","Q1","2.27",
"MARINE ECOLOGY PROGRESS SERIES","MAR ECOL PROG SER","0171-8630","1616-1599","MARINE & FRESHWATER BIOLOGY - SCIE; OCEANOGRAPHY - SCIE; ECOLOGY - SCIE","44,961","2.824","Q1","0.96",
"PLANT AND SOIL","PLANT SOIL","0032-079X","1573-5036","PLANT SCIENCES - SCIE; AGRONOMY - SCIE; SOIL SCIENCE - SCIE","44,914","4.192","Q1","1.29",
"CLINICAL ORTHOPAEDICS AND RELATED RESEARCH","CLIN ORTHOP RELAT R","0009-921X","1528-1132","ORTHOPEDICS - SCIE; SURGERY - SCIE","44,823","4.291","Q1","1.73",
"FOOD RESEARCH INTERNATIONAL","FOOD RES INT","0963-9969","1873-7145","FOOD SCIENCE & TECHNOLOGY - SCIE","44,725","6.475","Q1","1.57",
"MOLECULAR ECOLOGY","MOL ECOL","0962-1083","1365-294X","ECOLOGY - SCIE; EVOLUTIONARY BIOLOGY - SCIE; BIOCHEMISTRY & MOLECULAR BIOLOGY - SCIE","44,629","6.185","Q1","1.43",
"Nature Physics","NAT PHYS","1745-2473","1745-2481","PHYSICS, MULTIDISCIPLINARY - SCIE","44,499","20.034","Q1","6.16",
"HYPERTENSION","HYPERTENSION","0194-911X","1524-4563","PERIPHERAL VASCULAR DISEASE - SCIE","44,353","10.19","Q1","1.93",
"LWT-FOOD SCIENCE AND TECHNOLOGY","LWT-FOOD SCI TECHNOL","0023-6438","1096-1127","FOOD SCIENCE & TECHNOLOGY - SCIE","44,205","4.952","Q1","1.39",
"TRENDS IN ECOLOGY & EVOLUTION","TRENDS ECOL EVOL","0169-5347","1872-8383","EVOLUTIONARY BIOLOGY - SCIE; GENETICS & HEREDITY - SCIE; ECOLOGY - SCIE","44,128","17.712","Q1","1.73",
"EMERGING INFECTIOUS DISEASES","EMERG INFECT DIS","1080-6040","1080-6059","IMMUNOLOGY - SCIE; INFECTIOUS DISEASES - SCIE","44,052","6.883","Q1","1.48",
"INFORMATION SCIENCES","INFORM SCIENCES","0020-0255","1872-6291","COMPUTER SCIENCE, INFORMATION SYSTEMS - SCIE","44,038","6.795","Q1","2.18",
"COLLOIDS AND SURFACES A-PHYSICOCHEMICAL AND ENGINEERING ASPECTS","COLLOID SURFACE A","0927-7757","1873-4359","CHEMISTRY, PHYSICAL - SCIE","43,980","4.539","Q2","0.66",
"JOURNAL OF GEOPHYSICAL RESEARCH-SPACE PHYSICS","J GEOPHYS RES-SPACE","2169-9380","2169-9402","ASTRONOMY & ASTROPHYSICS - SCIE","43,883","2.811","Q2","0.64",
"APPLIED CATALYSIS A-GENERAL","APPL CATAL A-GEN","0926-860X","1873-3875","ENVIRONMENTAL SCIENCES - SCIE; CHEMISTRY, PHYSICAL - SCIE","43,859","5.706","Q1","1.02",
"JOURNAL OF MAGNETISM AND MAGNETIC MATERIALS","J MAGN MAGN MATER","0304-8853","1873-4766","PHYSICS, CONDENSED MATTER - SCIE; MATERIALS SCIENCE, MULTIDISCIPLINARY - SCIE","43,799","2.993","Q2","0.58",
"MEDICINE AND SCIENCE IN SPORTS AND EXERCISE","MED SCI SPORT EXER","0195-9131","1530-0315","SPORT SCIENCES - SCIE","43,794","5.411","Q1","1.76",
"ADVANCED DRUG DELIVERY REVIEWS","ADV DRUG DELIVER REV","0169-409X","1872-8294","PHARMACOLOGY & PHARMACY - SCIE","43,770","15.47","Q1","2.38",
"ANNALS OF NEUROLOGY","ANN NEUROL","0364-5134","1531-8249","CLINICAL NEUROLOGY - SCIE; NEUROSCIENCES - SCIE","43,732","10.422","Q1","2.66",
"AMERICAN JOURNAL OF PATHOLOGY","AM J PATHOL","0002-9440","1525-2191","PATHOLOGY - SCIE","43,729","4.307","Q2","1.47",
"AMERICAN JOURNAL OF EPIDEMIOLOGY","AM J EPIDEMIOL","0002-9262","1476-6256","PUBLIC, ENVIRONMENTAL & OCCUPATIONAL HEALTH - SCIE","43,624","4.897","Q1","1.79",
"AMERICAN JOURNAL OF HUMAN GENETICS","AM J HUM GENET","0002-9297","1537-6605","GENETICS & HEREDITY - SCIE","43,477","11.025","Q1","2.74",
"LANCET NEUROLOGY","LANCET NEUROL","1474-4422","1474-4465","CLINICAL NEUROLOGY - SCIE","43,459","44.182","Q1","9.69",
"BMC BIOINFORMATICS","BMC BIOINFORMATICS","1471-2105","1471-2105","MATHEMATICAL & COMPUTATIONAL BIOLOGY - SCIE; BIOTECHNOLOGY & APPLIED MICROBIOLOGY - SCIE; BIOCHEMICAL RESEARCH METHODS - SCIE","43,420","3.169","Q2","0.89",
"NATURE REVIEWS MICROBIOLOGY","NAT REV MICROBIOL","1740-1526","1740-1534","MICROBIOLOGY - SCIE","43,314","60.633","Q1","5.03",
"Soft Matter","SOFT MATTER","1744-683X","1744-6848","POLYMER SCIENCE - SCIE; PHYSICS, MULTIDISCIPLINARY - SCIE; CHEMISTRY, PHYSICAL - SCIE; MATERIALS SCIENCE, MULTIDISCIPLINARY - SCIE","43,276","3.679","Q2","0.79",
"JOURNAL OF NEUROSURGERY","J NEUROSURG","0022-3085","1933-0693","SURGERY - SCIE; CLINICAL NEUROLOGY - SCIE","43,275","5.115","Q1","1.77",
"ENGINEERING STRUCTURES","ENG STRUCT","0141-0296","1873-7323","ENGINEERING, CIVIL - SCIE","43,208","4.471","Q1","1.25",
"ENVIRONMENT INTERNATIONAL","ENVIRON INT","0160-4120","1873-6750","ENVIRONMENTAL SCIENCES - SCIE","43,201","9.621","Q1","1.78",
"JOURNAL OF NEUROPHYSIOLOGY","J NEUROPHYSIOL","0022-3077","1522-1598","PHYSIOLOGY - SCIE; NEUROSCIENCES - SCIE","43,101","2.714","Q3","0.68",
"COORDINATION CHEMISTRY REVIEWS","COORDIN CHEM REV","0010-8545","1873-3840","CHEMISTRY, INORGANIC & NUCLEAR - SCIE","43,025","22.315","Q1","1.84",
"ANALYTICAL BIOCHEMISTRY","ANAL BIOCHEM","0003-2697","1096-0309","CHEMISTRY, ANALYTICAL - SCIE; BIOCHEMICAL RESEARCH METHODS - SCIE; BIOCHEMISTRY & MOLECULAR BIOLOGY - SCIE","42,956","3.365","Q2","0.77",
"FOOD HYDROCOLLOIDS","FOOD HYDROCOLLOID","0268-005X","1873-7137","FOOD SCIENCE & TECHNOLOGY - SCIE; CHEMISTRY, APPLIED - SCIE","42,938","9.147","Q1","2.15",
"BRITISH JOURNAL OF PHARMACOLOGY","BRIT J PHARMACOL","0007-1188","1476-5381","PHARMACOLOGY & PHARMACY - SCIE","42,892","8.74","Q1","2.14",
"NATURE REVIEWS GENETICS","NAT REV GENET","1471-0056","1471-0064","GENETICS & HEREDITY - SCIE","42,803","53.242","Q1","5.56",
"COMPOSITES SCIENCE AND TECHNOLOGY","COMPOS SCI TECHNOL","0266-3538","1879-1050","MATERIALS SCIENCE, COMPOSITES - SCIE","42,685","8.528","Q1","1.63",
"PHYSICS OF FLUIDS","PHYS FLUIDS","1070-6631","1089-7666","PHYSICS, FLUIDS & PLASMAS - SCIE; MECHANICS - SCIE","42,635","3.521","Q1","1.15",
"BIOORGANIC & MEDICINAL CHEMISTRY LETTERS","BIOORG MED CHEM LETT","0960-894X","1464-3405","CHEMISTRY, ORGANIC - SCIE; CHEMISTRY, MEDICINAL - SCIE","42,591","2.823","Q2","0.86",
"FOREST ECOLOGY AND MANAGEMENT","FOREST ECOL MANAG","0378-1127","1872-7042","FORESTRY - SCIE","42,562","3.558","Q1","1.6",
"LANCET INFECTIOUS DISEASES","LANCET INFECT DIS","1473-3099","1474-4457","INFECTIOUS DISEASES - SCIE","42,483","25.071","Q1","5.97",
"PLOS MEDICINE","PLOS MED","1549-1277","1549-1676","MEDICINE, GENERAL & INTERNAL - SCIE","42,447","11.069","Q1","3.45",
"AMERICAN JOURNAL OF SPORTS MEDICINE","AM J SPORT MED","0363-5465","1552-3365","SPORT SCIENCES - SCIE; ORTHOPEDICS - SCIE","42,235","6.203","Q1","2.29",
"CANCER LETTERS","CANCER LETT","0304-3835","1872-7980","ONCOLOGY - SCIE","42,177","8.679","Q1","1.67",
"EUROPEAN UROLOGY","EUR UROL","0302-2838","1873-7560","UROLOGY & NEPHROLOGY - SCIE","42,109","20.096","Q1","6.39",
"POWDER TECHNOLOGY","POWDER TECHNOL","0032-5910","1873-328X","ENGINEERING, CHEMICAL - SCIE","42,052","5.134","Q1","0.92",
"JNCI-Journal of the National Cancer Institute","JNCI-J NATL CANCER I","0027-8874","1460-2105","ONCOLOGY - SCIE","42,007","13.506","Q1","2.35",
"JOURNAL OF THE AMERICAN GERIATRICS SOCIETY","J AM GERIATR SOC","0002-8614","1532-5415","GERONTOLOGY - SSCI; GERIATRICS & GERONTOLOGY - SCIE","42,003","5.562","Q1","1.52",
"NATURE REVIEWS DRUG DISCOVERY","NAT REV DRUG DISCOV","1474-1776","1474-1784","PHARMACOLOGY & PHARMACY - SCIE; BIOTECHNOLOGY & APPLIED MICROBIOLOGY - SCIE","41,993","84.694","Q1","10.86",
"JOURNAL OF MATERIALS PROCESSING TECHNOLOGY","J MATER PROCESS TECH","0924-0136","1873-4774","ENGINEERING, MANUFACTURING - SCIE; ENGINEERING, INDUSTRIAL - SCIE; MATERIALS SCIENCE, MULTIDISCIPLINARY - SCIE","41,944","5.551","Q2","1.26",
"JOURNAL OF GEOPHYSICAL RESEARCH-OCEANS","J GEOPHYS RES-OCEANS","2169-9275","2169-9291","OCEANOGRAPHY - SCIE","41,932","3.405","Q1","1.4",
"WASTE MANAGEMENT","WASTE MANAGE","0956-053X","1879-2456","ENGINEERING, ENVIRONMENTAL - SCIE; ENVIRONMENTAL SCIENCES - SCIE","41,731","7.145","Q1","1.16",
"ANNALS OF THORACIC SURGERY","ANN THORAC SURG","0003-4975","1552-6259","SURGERY - SCIE; RESPIRATORY SYSTEM - SCIE; CARDIAC & CARDIOVASCULAR SYSTEMS - SCIE","41,620","4.33","Q1","1.18",
"Journal of Chemical Theory and Computation","J CHEM THEORY COMPUT","1549-9618","1549-9626","PHYSICS, ATOMIC, MOLECULAR & CHEMICAL - SCIE; CHEMISTRY, PHYSICAL - SCIE","41,591","6.006","Q1","1.34",
"INDUSTRIAL CROPS AND PRODUCTS","IND CROP PROD","0926-6690","1872-633X","AGRONOMY - SCIE; AGRICULTURAL ENGINEERING - SCIE","41,583","5.645","Q1","1.61",
"OBSTETRICS AND GYNECOLOGY","OBSTET GYNECOL","0029-7844","0029-7844","OBSTETRICS & GYNECOLOGY - SCIE","41,532","7.661","Q1","1.76",
"BMC CANCER","BMC CANCER","N/A","1471-2407","ONCOLOGY - SCIE","41,517","4.43","Q2","0.81",
"SCRIPTA MATERIALIA","SCRIPTA MATER","1359-6462","1872-8456","METALLURGY & METALLURGICAL ENGINEERING - SCIE; NANOSCIENCE & NANOTECHNOLOGY - SCIE; MATERIALS SCIENCE, MULTIDISCIPLINARY - SCIE","41,275","5.611","Q1","1.24",
"ECOLOGY LETTERS","ECOL LETT","1461-023X","1461-0248","ECOLOGY - SCIE","41,215","9.492","Q1","2.52",
"JOURNAL OF SOUND AND VIBRATION","J SOUND VIB","0022-460X","1095-8568","ACOUSTICS - SCIE; ENGINEERING, MECHANICAL - SCIE; MECHANICS - SCIE","41,178","3.655","Q1","1.18",
"Nature Chemistry","NAT CHEM","1755-4330","1755-4349","CHEMISTRY, MULTIDISCIPLINARY - SCIE","41,139","24.427","Q1","4.3",
"BIOMEDICINE & PHARMACOTHERAPY","BIOMED PHARMACOTHER","0753-3322","1950-6007","PHARMACOLOGY & PHARMACY - SCIE; MEDICINE, RESEARCH & EXPERIMENTAL - SCIE","41,029","6.53","Q1","1.62",
"ECOTOXICOLOGY AND ENVIRONMENTAL SAFETY","ECOTOX ENVIRON SAFE","0147-6513","1090-2414","TOXICOLOGY - SCIE; ENVIRONMENTAL SCIENCES - SCIE","40,995","6.291","Q1","1.44",
"COMPUTER METHODS IN APPLIED MECHANICS AND ENGINEERING","COMPUT METHOD APPL M","0045-7825","1879-2138","MECHANICS - SCIE; MATHEMATICS, INTERDISCIPLINARY APPLICATIONS - SCIE; ENGINEERING, MULTIDISCIPLINARY - SCIE","40,986","6.756","Q1","2.33",
"Cell Death & Disease","CELL DEATH DIS","2041-4889","2041-4889","CELL BIOLOGY - SCIE","40,835","8.469","Q1","1.2",
"AMERICAN JOURNAL OF CARDIOLOGY","AM J CARDIOL","0002-9149","1879-1913","CARDIAC & CARDIOVASCULAR SYSTEMS - SCIE","40,648","2.778","Q3","0.68",
"CHILD DEVELOPMENT","CHILD DEV","0009-3920","1467-8624","PSYCHOLOGY, DEVELOPMENTAL - SSCI; PSYCHOLOGY, EDUCATIONAL - SSCI","40,402","5.899","Q1","2.21",
"ASTRONOMICAL JOURNAL","ASTRON J","0004-6256","1538-3881","ASTRONOMY & ASTROPHYSICS - SCIE","40,358","6.281","Q1","1.33",
"JOURNAL OF EXPERIMENTAL BIOLOGY","J EXP BIOL","0022-0949","1477-9145","BIOLOGY - SCIE","40,334","3.312","Q2","0.9",
"EUROPEAN JOURNAL OF CANCER","EUR J CANCER","0959-8049","1879-0852","ONCOLOGY - SCIE","40,294","9.162","Q1","1.63",
"JOURNAL OF NEUROCHEMISTRY","J NEUROCHEM","0022-3042","1471-4159","NEUROSCIENCES - SCIE; BIOCHEMISTRY & MOLECULAR BIOLOGY - SCIE","40,282","5.372","Q1","0.98",
"JOURNAL OF THE AMERICAN ACADEMY OF DERMATOLOGY","J AM ACAD DERMATOL","0190-9622","1097-6787","DERMATOLOGY - SCIE","40,257","11.527","Q1","2.95",
"PSYCHOLOGICAL SCIENCE","PSYCHOL SCI","0956-7976","1467-9280","PSYCHOLOGY, MULTIDISCIPLINARY - SSCI","40,034","7.029","Q1","2.47",
"JOURNAL OF CELLULAR PHYSIOLOGY","J CELL PHYSIOL","0021-9541","1097-4652","PHYSIOLOGY - SCIE; CELL BIOLOGY - SCIE","39,999","6.384","Q1","1.29",
"NEW JOURNAL OF CHEMISTRY","NEW J CHEM","1144-0546","1369-9261","CHEMISTRY, MULTIDISCIPLINARY - SCIE","39,968","3.591","Q2","0.63",
"AMERICAN JOURNAL OF ROENTGENOLOGY","AM J ROENTGENOL","0361-803X","1546-3141","RADIOLOGY, NUCLEAR MEDICINE & MEDICAL IMAGING - SCIE","39,721","3.959","Q2","1.01",
"JOURNAL OF PEDIATRICS","J PEDIATR-US","0022-3476","1097-6833","PEDIATRICS - SCIE","39,713","4.406","Q1","1.92",
"Astrophysical Journal Letters","ASTROPHYS J LETT","2041-8205","2041-8213","ASTRONOMY & ASTROPHYSICS - SCIE","39,695","7.413","Q1","1.82",
"BIOLOGICAL CONSERVATION","BIOL CONSERV","0006-3207","1873-2917","BIODIVERSITY CONSERVATION - SCIE; ECOLOGY - SCIE; ENVIRONMENTAL SCIENCES - SCIE","39,676","5.991","Q1","1.39",
"IEEE TRANSACTIONS ON SIGNAL PROCESSING","IEEE T SIGNAL PROCES","1053-587X","1941-0476","ENGINEERING, ELECTRICAL & ELECTRONIC - SCIE","39,639","4.931","Q1","1.6",
"PLOS BIOLOGY","PLOS BIOL","1544-9173","1545-7885","BIOCHEMISTRY & MOLECULAR BIOLOGY - SCIE; BIOLOGY - SCIE","39,598","8.029","Q1","1.96",
"THIN SOLID FILMS","THIN SOLID FILMS","0040-6090","1879-2731","MATERIALS SCIENCE, MULTIDISCIPLINARY - SCIE; PHYSICS, APPLIED - SCIE; PHYSICS, CONDENSED MATTER - SCIE; MATERIALS SCIENCE, COATINGS & FILMS - SCIE","39,484","2.183","Q3","0.44",
"NEUROSCIENCE LETTERS","NEUROSCI LETT","0304-3940","1872-7972","NEUROSCIENCES - SCIE","39,279","3.046","Q3","0.67",
"EUROPEAN JOURNAL OF PHARMACOLOGY","EUR J PHARMACOL","0014-2999","1879-0712","PHARMACOLOGY & PHARMACY - SCIE","39,242","4.432","Q2","1.2",
"COLLOIDS AND SURFACES B-BIOINTERFACES","COLLOID SURFACE B","0927-7765","1873-4367","BIOPHYSICS - SCIE; CHEMISTRY, PHYSICAL - SCIE; MATERIALS SCIENCE, BIOMATERIALS - SCIE","38,874","5.268","Q1","1.03",
"HUMAN REPRODUCTION","HUM REPROD","0268-1161","1460-2350","OBSTETRICS & GYNECOLOGY - SCIE; REPRODUCTIVE BIOLOGY - SCIE","38,871","6.918","Q1","2.33",
"JOURNAL OF ANTIMICROBIAL CHEMOTHERAPY","J ANTIMICROB CHEMOTH","0305-7453","1460-2091","PHARMACOLOGY & PHARMACY - SCIE; INFECTIOUS DISEASES - SCIE; MICROBIOLOGY - SCIE","38,715","5.79","Q1","1.51",
"BUILDING AND ENVIRONMENT","BUILD ENVIRON","0360-1323","1873-684X","ENGINEERING, CIVIL - SCIE; ENGINEERING, ENVIRONMENTAL - SCIE; CONSTRUCTION & BUILDING TECHNOLOGY - SCIE","38,699","6.456","Q1","1.36",
"NUCLEAR PHYSICS B","NUCL PHYS B","0550-3213","1873-1562","PHYSICS, PARTICLES & FIELDS - SCIE","38,650","2.759","Q2","0.83",
"MAGNETIC RESONANCE IN MEDICINE","MAGN RESON MED","0740-3194","1522-2594","RADIOLOGY, NUCLEAR MEDICINE & MEDICAL IMAGING - SCIE","38,556","4.668","Q1","1.41",
"SPECTROCHIMICA ACTA PART A-MOLECULAR AND BIOMOLECULAR SPECTROSCOPY","SPECTROCHIM ACTA A","1386-1425","1873-3557","SPECTROSCOPY - SCIE","38,446","4.098","Q1","1.72",
"QUARTERLY JOURNAL OF ECONOMICS","Q J ECON","0033-5533","1531-4650","ECONOMICS - SSCI","38,427","15.563","Q1","6.19",
"ARTERIOSCLEROSIS THROMBOSIS AND VASCULAR BIOLOGY","ARTERIOSCL THROM VAS","1079-5642","1524-4636","PERIPHERAL VASCULAR DISEASE - SCIE; HEMATOLOGY - SCIE","38,416","8.313","Q1","1.72",
"DIABETOLOGIA","DIABETOLOGIA","0012-186X","1432-0428","ENDOCRINOLOGY & METABOLISM - SCIE","38,166","10.122","Q1","1.95",
"ORGANIC & BIOMOLECULAR CHEMISTRY","ORG BIOMOL CHEM","1477-0520","1477-0539","CHEMISTRY, ORGANIC - SCIE","38,134","3.876","Q1","0.99",
"JOURNAL OF ANIMAL SCIENCE","J ANIM SCI","0021-8812","1525-3163","AGRICULTURE, DAIRY & ANIMAL SCIENCE - SCIE","38,102","3.159","Q1","1.27",
"PHYSICA A-STATISTICAL MECHANICS AND ITS APPLICATIONS","PHYSICA A","0378-4371","1873-2119","PHYSICS, MULTIDISCIPLINARY - SCIE","37,922","3.263","Q2","0.97",
"AMERICAN JOURNAL OF GASTROENTEROLOGY","AM J GASTROENTEROL","0002-9270","1572-0241","GASTROENTEROLOGY & HEPATOLOGY - SCIE","37,891","10.864","Q1","1.92",
"OECOLOGIA","OECOLOGIA","0029-8549","1432-1939","ECOLOGY - SCIE","37,837","3.225","Q2","0.87",
"FOOD AND CHEMICAL TOXICOLOGY","FOOD CHEM TOXICOL","0278-6915","1873-6351","FOOD SCIENCE & TECHNOLOGY - SCIE; TOXICOLOGY - SCIE","37,743","6.025","Q1","1.46",
"INTERNATIONAL JOURNAL OF CARDIOLOGY","INT J CARDIOL","0167-5273","1874-1754","CARDIAC & CARDIOVASCULAR SYSTEMS - SCIE","37,694","4.164","Q2","0.89",
"JOURNAL OF INVESTIGATIVE DERMATOLOGY","J INVEST DERMATOL","0022-202X","1523-1747","DERMATOLOGY - SCIE","37,630","8.551","Q1","2.51",
"MATERIALS CHEMISTRY AND PHYSICS","MATER CHEM PHYS","0254-0584","1879-3312","MATERIALS SCIENCE, MULTIDISCIPLINARY - SCIE","37,600","4.094","Q2","0.76",
"APPLIED MATHEMATICS AND COMPUTATION","APPL MATH COMPUT","0096-3003","1873-5649","MATHEMATICS, APPLIED - SCIE","37,512","4.091","Q1","2.41",
"ANNALS OF SURGICAL ONCOLOGY","ANN SURG ONCOL","1068-9265","1534-4681","SURGERY - SCIE; ONCOLOGY - SCIE","37,490","5.344","Q1","1.42",
"MOLECULAR MICROBIOLOGY","MOL MICROBIOL","0950-382X","1365-2958","MICROBIOLOGY - SCIE; BIOCHEMISTRY & MOLECULAR BIOLOGY - SCIE","37,429","3.501","Q2","0.81",
"TOURISM MANAGEMENT","TOURISM MANAGE","0261-5177","1879-3193","MANAGEMENT - SSCI; HOSPITALITY, LEISURE, SPORT & TOURISM - SSCI; ENVIRONMENTAL STUDIES - SSCI","37,117","10.967","Q1","2.96",
"JOURNAL OF NEUROLOGY NEUROSURGERY AND PSYCHIATRY","J NEUROL NEUROSUR PS","0022-3050","1468-330X","CLINICAL NEUROLOGY - SCIE; SURGERY - SCIE; PSYCHIATRY - SCIE","37,096","10.283","Q1","2.6",
"PHYTOCHEMISTRY","PHYTOCHEMISTRY","0031-9422","1873-3700","PLANT SCIENCES - SCIE; BIOCHEMISTRY & MOLECULAR BIOLOGY - SCIE","37,014","4.072","Q1","0.94",
"ORGANOMETALLICS","ORGANOMETALLICS","0276-7333","1520-6041","CHEMISTRY, ORGANIC - SCIE; CHEMISTRY, INORGANIC & NUCLEAR - SCIE","36,815","3.876","Q1","1.25",
"NEUROSCIENCE AND BIOBEHAVIORAL REVIEWS","NEUROSCI BIOBEHAV R","0149-7634","1873-7528","BEHAVIORAL SCIENCES - SCIE; NEUROSCIENCES - SCIE","36,527","8.989","Q1","1.34",
"IEEE TRANSACTIONS ON VEHICULAR TECHNOLOGY","IEEE T VEH TECHNOL","0018-9545","1939-9359","ENGINEERING, ELECTRICAL & ELECTRONIC - SCIE; TRANSPORTATION SCIENCE & TECHNOLOGY - SCIE; TELECOMMUNICATIONS - SCIE","36,492","5.978","Q1","1.69",
"AMERICAN PSYCHOLOGIST","AM PSYCHOL","0003-066X","1935-990X","PSYCHOLOGY, MULTIDISCIPLINARY - SSCI","36,450","10.885","Q1","3.53",
"PROCEEDINGS OF THE IEEE","P IEEE","0018-9219","1558-2256","ENGINEERING, ELECTRICAL & ELECTRONIC - SCIE","36,371","10.961","Q1","3.12",
"IEEE Transactions on Neural Networks and Learning Systems","IEEE T NEUR NET LEAR","2162-237X","2162-2388","COMPUTER SCIENCE, HARDWARE & ARCHITECTURE - SCIE; COMPUTER SCIENCE, THEORY & METHODS - SCIE; COMPUTER SCIENCE, ARTIFICIAL INTELLIGENCE - SCIE; ENGINEERING, ELECTRICAL & ELECTRONIC - SCIE","36,361","10.451","Q1","2.99",
"Nature Climate Change","NAT CLIM CHANGE","1758-678X","1758-6798","ENVIRONMENTAL SCIENCES - SCIE; ENVIRONMENTAL STUDIES - SSCI; METEOROLOGY & ATMOSPHERIC SCIENCES - SCIE","36,321","25.29","Q1","5.06",
"JOURNAL OF MACHINE LEARNING RESEARCH","J MACH LEARN RES","1532-4435","N/A","AUTOMATION & CONTROL SYSTEMS - SCIE; COMPUTER SCIENCE, ARTIFICIAL INTELLIGENCE - SCIE","36,318","3.654","Q2","0.66",
"JOURNAL OF CLINICAL EPIDEMIOLOGY","J CLIN EPIDEMIOL","0895-4356","1878-5921","PUBLIC, ENVIRONMENTAL & OCCUPATIONAL HEALTH - SCIE; HEALTH CARE SCIENCES & SERVICES - SCIE","36,224","6.437","Q1","1.71",
"DEVELOPMENTAL CELL","DEV CELL","1534-5807","1878-1551","DEVELOPMENTAL BIOLOGY - SCIE; CELL BIOLOGY - SCIE","36,177","12.27","Q1","2.45",
"LAB ON A CHIP","LAB CHIP","1473-0197","1473-0189","BIOCHEMICAL RESEARCH METHODS - SCIE; CHEMISTRY, MULTIDISCIPLINARY - SCIE; INSTRUMENTS & INSTRUMENTATION - SCIE; CHEMISTRY, ANALYTICAL - SCIE; NANOSCIENCE & NANOTECHNOLOGY - SCIE","36,113","6.799","Q1","1.41",
"JOURNAL OF MARKETING","J MARKETING","0022-2429","1547-7185","BUSINESS - SSCI","36,074","9.462","Q1","2.13",
"BRITISH JOURNAL OF DERMATOLOGY","BRIT J DERMATOL","0007-0963","1365-2133","DERMATOLOGY - SCIE","36,068","9.302","Q1","2.45",
"IEEE TRANSACTIONS ON INFORMATION THEORY","IEEE T INFORM THEORY","0018-9448","1557-9654","ENGINEERING, ELECTRICAL & ELECTRONIC - SCIE; COMPUTER SCIENCE, INFORMATION SYSTEMS - SCIE","35,972","2.501","Q2","0.92",
"ANALYTICAL AND BIOANALYTICAL CHEMISTRY","ANAL BIOANAL CHEM","1618-2642","1618-2650","BIOCHEMICAL RESEARCH METHODS - SCIE; CHEMISTRY, ANALYTICAL - SCIE","35,942","4.157","Q2","0.94",
"PERSONALITY AND INDIVIDUAL DIFFERENCES","PERS INDIV DIFFER","0191-8869","1873-3549","PSYCHOLOGY, SOCIAL - SSCI","35,872","3.004","Q2","1",
"ANALYST","ANALYST","0003-2654","1364-5528","CHEMISTRY, ANALYTICAL - SCIE","35,856","4.616","Q1","0.98",
"SOLAR ENERGY MATERIALS AND SOLAR CELLS","SOL ENERG MAT SOL C","0927-0248","1879-3398","ENERGY & FUELS - SCIE; PHYSICS, APPLIED - SCIE; MATERIALS SCIENCE, MULTIDISCIPLINARY - SCIE","35,856","7.267","Q1","1.37",
"Journal of Statistical Software","J STAT SOFTW","1548-7660","1548-7660","STATISTICS & PROBABILITY - SCIE; COMPUTER SCIENCE, INTERDISCIPLINARY APPLICATIONS - SCIE","35,786","6.44","Q1","4.77",
"PHYSIOLOGICAL REVIEWS","PHYSIOL REV","0031-9333","1522-1210","PHYSIOLOGY - SCIE","35,641","37.312","Q1","4.01",
"PLoS Neglected Tropical Diseases","PLOS NEGLECT TROP D","1935-2735","1935-2735","TROPICAL MEDICINE - SCIE; PARASITOLOGY - SCIE","35,321","4.411","Q1","1.37",
"JOURNAL OF BIOMECHANICS","J BIOMECH","0021-9290","1873-2380","BIOPHYSICS - SCIE; ENGINEERING, BIOMEDICAL - SCIE","35,320","2.712","Q3","0.69",
"MOLECULAR BIOLOGY OF THE CELL","MOL BIOL CELL","1059-1524","1939-4586","CELL BIOLOGY - SCIE","35,317","4.138","Q3","0.71",
"PSYCHOLOGICAL REVIEW","PSYCHOL REV","0033-295X","1939-1471","PSYCHOLOGY, MULTIDISCIPLINARY - SSCI; PSYCHOLOGY - SCIE","35,190","8.934","Q1","2.93",
"MOVEMENT DISORDERS","MOVEMENT DISORD","0885-3185","1531-8257","CLINICAL NEUROLOGY - SCIE","35,073","10.338","Q1","2.39",
"Frontiers in Physiology","FRONT PHYSIOL","1664-042X","1664-042X","PHYSIOLOGY - SCIE","35,011","4.566","Q1","0.97",
"JOURNAL OF ELECTROANALYTICAL CHEMISTRY","J ELECTROANAL CHEM","1572-6657","1873-2569","CHEMISTRY, ANALYTICAL - SCIE; ELECTROCHEMISTRY - SCIE","34,914","4.464","Q1","0.89",
"PSYCHOLOGICAL MEDICINE","PSYCHOL MED","0033-2917","1469-8978","PSYCHIATRY - SSCI; PSYCHOLOGY - SCIE; PSYCHIATRY - SCIE; PSYCHOLOGY, CLINICAL - SSCI","34,876","7.723","Q1","2.02",
"JOURNAL OF FOOD ENGINEERING","J FOOD ENG","0260-8774","1873-5770","ENGINEERING, CHEMICAL - SCIE; FOOD SCIENCE & TECHNOLOGY - SCIE","34,855","5.354","Q1","1.23",
"PLoS Computational Biology","PLOS COMPUT BIOL","1553-734X","1553-7358","BIOCHEMICAL RESEARCH METHODS - SCIE; MATHEMATICAL & COMPUTATIONAL BIOLOGY - SCIE","34,850","4.475","Q1","1.3",
"WEAR","WEAR","0043-1648","1873-2577","ENGINEERING, MECHANICAL - SCIE; MATERIALS SCIENCE, MULTIDISCIPLINARY - SCIE","34,828","3.892","Q1","1",
"ChemSusChem","CHEMSUSCHEM","1864-5631","1864-564X","CHEMISTRY, MULTIDISCIPLINARY - SCIE; GREEN & SUSTAINABLE SCIENCE & TECHNOLOGY - SCIE","34,732","8.928","Q1","1.4",
"NEUROSURGERY","NEUROSURGERY","0148-396X","1524-4040","SURGERY - SCIE; CLINICAL NEUROLOGY - SCIE","34,635","4.654","Q1","1.64",
"TECTONOPHYSICS","TECTONOPHYSICS","0040-1951","1879-3266","GEOCHEMISTRY & GEOPHYSICS - SCIE","34,559","3.933","Q1","1.1",
"Frontiers in Pharmacology","FRONT PHARMACOL","1663-9812","1663-9812","PHARMACOLOGY & PHARMACY - SCIE","34,502","5.811","Q1","1.26",
"METALLURGICAL AND MATERIALS TRANSACTIONS A-PHYSICAL METALLURGY AND MATERIALS SCIENCE","METALL MATER TRANS A","1073-5623","1543-1940","METALLURGY & METALLURGICAL ENGINEERING - SCIE; MATERIALS SCIENCE, MULTIDISCIPLINARY - SCIE","34,499","2.556","Q1","0.57",
"JOURNAL OF MANAGEMENT","J MANAGE","0149-2063","1557-1211","MANAGEMENT - SSCI; BUSINESS - SSCI; PSYCHOLOGY, APPLIED - SSCI","34,496","11.79","Q1","3.36",
"CEREBRAL CORTEX","CEREB CORTEX","1047-3211","1460-2199","NEUROSCIENCES - SCIE","34,416","5.357","Q1","1.47",
"NEW JOURNAL OF PHYSICS","NEW J PHYS","1367-2630","1367-2630","PHYSICS, MULTIDISCIPLINARY - SCIE","34,185","3.732","Q2","1.15",
"LEUKEMIA","LEUKEMIA","0887-6924","1476-5551","ONCOLOGY - SCIE; HEMATOLOGY - SCIE","34,181","11.528","Q1","2.22",
"Applied Sciences-Basel","APPL SCI-BASEL","N/A","2076-3417","PHYSICS, APPLIED - SCIE; ENGINEERING, MULTIDISCIPLINARY - SCIE; CHEMISTRY, MULTIDISCIPLINARY - SCIE; MATERIALS SCIENCE, MULTIDISCIPLINARY - SCIE","34,144","2.679","Q2","0.61",
"JOURNAL OF THE EUROPEAN CERAMIC SOCIETY","J EUR CERAM SOC","0955-2219","1873-619X","MATERIALS SCIENCE, CERAMICS - SCIE","34,087","5.302","Q1","1.51",
"CRITICAL CARE","CRIT CARE","1364-8535","1466-609X","CRITICAL CARE MEDICINE - SCIE","34,057","9.097","Q1","1.51",
"CELLULAR AND MOLECULAR LIFE SCIENCES","CELL MOL LIFE SCI","1420-682X","1420-9071","BIOCHEMISTRY & MOLECULAR BIOLOGY - SCIE; CELL BIOLOGY - SCIE","34,005","9.261","Q1","1",
"CRYSTAL GROWTH & DESIGN","CRYST GROWTH DES","1528-7483","1528-7505","CRYSTALLOGRAPHY - SCIE; CHEMISTRY, MULTIDISCIPLINARY - SCIE; MATERIALS SCIENCE, MULTIDISCIPLINARY - SCIE","33,973","4.076","Q1","1.13",
"EVOLUTION","EVOLUTION","0014-3820","1558-5646","ECOLOGY - SCIE; EVOLUTIONARY BIOLOGY - SCIE; GENETICS & HEREDITY - SCIE","33,944","3.742","Q2","1.03",
"BIOORGANIC & MEDICINAL CHEMISTRY","BIOORGAN MED CHEM","0968-0896","1464-3391","CHEMISTRY, ORGANIC - SCIE; CHEMISTRY, MEDICINAL - SCIE; BIOCHEMISTRY & MOLECULAR BIOLOGY - SCIE","33,936","3.641","Q2","0.92",
"LIMNOLOGY AND OCEANOGRAPHY","LIMNOL OCEANOGR","0024-3590","1939-5590","OCEANOGRAPHY - SCIE; LIMNOLOGY - SCIE","33,931","4.745","Q1","1.67",
"EPILEPSIA","EPILEPSIA","0013-9580","1528-1167","CLINICAL NEUROLOGY - SCIE","33,891","5.866","Q1","1.79",
"LIFE SCIENCES","LIFE SCI","0024-3205","1879-0631","PHARMACOLOGY & PHARMACY - SCIE; MEDICINE, RESEARCH & EXPERIMENTAL - SCIE","33,809","5.037","Q1","1.21",
"JOURNAL OF THE SCIENCE OF FOOD AND AGRICULTURE","J SCI FOOD AGR","0022-5142","1097-0010","AGRICULTURE, MULTIDISCIPLINARY - SCIE; CHEMISTRY, APPLIED - SCIE; FOOD SCIENCE & TECHNOLOGY - SCIE","33,805","3.639","Q1","1.03",
"BRITISH JOURNAL OF NUTRITION","BRIT J NUTR","0007-1145","1475-2662","NUTRITION & DIETETICS - SCIE","33,757","3.718","Q3","0.86",
"GEODERMA","GEODERMA","0016-7061","1872-6259","SOIL SCIENCE - SCIE","33,708","6.114","Q1","1.63",
"BIOCHEMICAL PHARMACOLOGY","BIOCHEM PHARMACOL","0006-2952","1873-2968","PHARMACOLOGY & PHARMACY - SCIE","33,634","5.858","Q1","1.6",
"INTENSIVE CARE MEDICINE","INTENS CARE MED","0342-4642","1432-1238","CRITICAL CARE MEDICINE - SCIE","33,511","17.44","Q1","3.08",
"ISME Journal","ISME J","1751-7362","1751-7370","ECOLOGY - SCIE; MICROBIOLOGY - SCIE","33,484","10.302","Q1","2.82",
"TRENDS IN COGNITIVE SCIENCES","TRENDS COGN SCI","1364-6613","1879-307X","PSYCHOLOGY, EXPERIMENTAL - SSCI; NEUROSCIENCES - SCIE; BEHAVIORAL SCIENCES - SCIE","33,482","20.229","Q1","2.12",
"COMPOSITES PART A-APPLIED SCIENCE AND MANUFACTURING","COMPOS PART A-APPL S","1359-835X","1878-5840","MATERIALS SCIENCE, COMPOSITES - SCIE; ENGINEERING, MANUFACTURING - SCIE","33,477","7.664","Q1","1.61",
"REVIEW OF SCIENTIFIC INSTRUMENTS","REV SCI INSTRUM","0034-6748","1089-7623","INSTRUMENTS & INSTRUMENTATION - SCIE; PHYSICS, APPLIED - SCIE","33,438","1.523","Q3","0.41",
"STATISTICS IN MEDICINE","STAT MED","0277-6715","1097-0258","STATISTICS & PROBABILITY - SCIE; MATHEMATICAL & COMPUTATIONAL BIOLOGY - SCIE; PUBLIC, ENVIRONMENTAL & OCCUPATIONAL HEALTH - SCIE; MEDICAL INFORMATICS - SCIE; MEDICINE, RESEARCH & EXPERIMENTAL - SCIE","33,375","2.373","Q2","0.82",
"PATTERN RECOGNITION","PATTERN RECOGN","0031-3203","1873-5142","ENGINEERING, ELECTRICAL & ELECTRONIC - SCIE; COMPUTER SCIENCE, ARTIFICIAL INTELLIGENCE - SCIE","33,363","7.74","Q1","1.96",
"ANESTHESIOLOGY","ANESTHESIOLOGY","0003-3022","1528-1175","ANESTHESIOLOGY - SCIE","33,319","7.892","Q1","2.56",
"MICROPOROUS AND MESOPOROUS MATERIALS","MICROPOR MESOPOR MAT","1387-1811","1873-3093","CHEMISTRY, APPLIED - SCIE; MATERIALS SCIENCE, MULTIDISCIPLINARY - SCIE; NANOSCIENCE & NANOTECHNOLOGY - SCIE; CHEMISTRY, PHYSICAL - SCIE","33,234","5.455","Q1","0.93",
"GENE","GENE","0378-1119","1879-0038","GENETICS & HEREDITY - SCIE","33,228","3.688","Q2","0.88",
"JOURNAL OF THORACIC AND CARDIOVASCULAR SURGERY","J THORAC CARDIOV SUR","0022-5223","1097-685X","SURGERY - SCIE; RESPIRATORY SYSTEM - SCIE; CARDIAC & CARDIOVASCULAR SYSTEMS - SCIE","33,066","5.209","Q1","1.4",
"JOURNAL OF NUCLEAR MEDICINE","J NUCL MED","0161-5505","1535-5667","RADIOLOGY, NUCLEAR MEDICINE & MEDICAL IMAGING - SCIE","32,949","10.057","Q1","2.6",
"International Journal of Nanomedicine","INT J NANOMED","1178-2013","1178-2013","PHARMACOLOGY & PHARMACY - SCIE; NANOSCIENCE & NANOTECHNOLOGY - SCIE","32,936","6.4","Q1","1.2",
"APPLIED SOFT COMPUTING","APPL SOFT COMPUT","1568-4946","1872-9681","COMPUTER SCIENCE, INTERDISCIPLINARY APPLICATIONS - SCIE; COMPUTER SCIENCE, ARTIFICIAL INTELLIGENCE - SCIE","32,910","6.725","Q1","1.5",
"JOURNAL OF FOOD SCIENCE","J FOOD SCI","0022-1147","1750-3841","FOOD SCIENCE & TECHNOLOGY - SCIE","32,860","3.167","Q2","0.8",
"AMERICAN JOURNAL OF TRANSPLANTATION","AM J TRANSPLANT","1600-6135","1600-6143","SURGERY - SCIE; TRANSPLANTATION - SCIE","32,841","8.086","Q1","2.4",
"LARYNGOSCOPE","LARYNGOSCOPE","0023-852X","1531-4995","OTORHINOLARYNGOLOGY - SCIE; MEDICINE, RESEARCH & EXPERIMENTAL - SCIE","32,798","3.325","Q1","1.16",
"MONTHLY WEATHER REVIEW","MON WEATHER REV","0027-0644","1520-0493","METEOROLOGY & ATMOSPHERIC SCIENCES - SCIE","32,787","3.735","Q2","0.91",
"PSYCHIATRY RESEARCH","PSYCHIAT RES","0165-1781","1872-7123","PSYCHIATRY - SSCI; PSYCHIATRY - SCIE","32,779","3.222","Q2","0.82",
"JOURNAL OF COMPARATIVE NEUROLOGY","J COMP NEUROL","0021-9967","1096-9861","ZOOLOGY - SCIE; NEUROSCIENCES - SCIE","32,742","3.215","Q1","1.45",
"AMERICAN NATURALIST","AM NAT","0003-0147","1537-5323","ECOLOGY - SCIE; EVOLUTIONARY BIOLOGY - SCIE","32,694","3.926","Q1","1.08",
"JOURNAL OF NUCLEAR MATERIALS","J NUCL MATER","0022-3115","1873-4820","NUCLEAR SCIENCE & TECHNOLOGY - SCIE; MATERIALS SCIENCE, MULTIDISCIPLINARY - SCIE","32,651","2.936","Q1","1.08",
"INTERNATIONAL JOURNAL OF PRODUCTION ECONOMICS","INT J PROD ECON","0925-5273","1873-7579","OPERATIONS RESEARCH & MANAGEMENT SCIENCE - SCIE; ENGINEERING, MANUFACTURING - SCIE; ENGINEERING, INDUSTRIAL - SCIE","32,606","7.885","Q1","1.73",
"RESEARCH POLICY","RES POLICY","0048-7333","1873-7625","MANAGEMENT - SSCI","32,584","8.11","Q1","2.31",
"AMERICAN JOURNAL OF OPHTHALMOLOGY","AM J OPHTHALMOL","0002-9394","1879-1891","OPHTHALMOLOGY - SCIE","32,566","5.258","Q1","2.04",
"CRYSTENGCOMM","CRYSTENGCOMM","1466-8033","1466-8033","CRYSTALLOGRAPHY - SCIE; CHEMISTRY, MULTIDISCIPLINARY - SCIE","32,452","3.545","Q1","1.04",
"IEEE Transactions on Smart Grid","IEEE T SMART GRID","1949-3053","1949-3061","ENGINEERING, ELECTRICAL & ELECTRONIC - SCIE","32,421","8.96","Q1","2.85",
"GEOPHYSICAL JOURNAL INTERNATIONAL","GEOPHYS J INT","0956-540X","1365-246X","GEOCHEMISTRY & GEOPHYSICS - SCIE","32,388","2.934","Q2","0.96",
"TRANSPORTATION RESEARCH RECORD","TRANSPORT RES REC","0361-1981","2169-4052","TRANSPORTATION SCIENCE & TECHNOLOGY - SCIE; ENGINEERING, CIVIL - SCIE","32,306","1.56","Q4","0.36",
"JOURNAL OF POLITICAL ECONOMY","J POLIT ECON","0022-3808","1537-534X","ECONOMICS - SSCI","32,296","9.103","Q1","3.13",
"Journal of Materials Chemistry B","J MATER CHEM B","2050-750X","2050-7518","MATERIALS SCIENCE, BIOMATERIALS - SCIE","32,237","6.331","Q2","1.04",
"ECOLOGICAL INDICATORS","ECOL INDIC","1470-160X","1872-7034","ENVIRONMENTAL SCIENCES - SCIE","32,205","4.958","Q2","1.25",
"ECOLOGICAL ECONOMICS","ECOL ECON","0921-8009","1873-6106","ECONOMICS - SSCI; ENVIRONMENTAL STUDIES - SSCI; ENVIRONMENTAL SCIENCES - SCIE; ECOLOGY - SCIE","32,197","5.389","Q1","1.57",
"Cell Stem Cell","CELL STEM CELL","1934-5909","1875-9777","CELL BIOLOGY - SCIE; CELL & TISSUE ENGINEERING - SCIE","32,147","24.633","Q1","4",
"PHYSICS REPORTS-REVIEW SECTION OF PHYSICS LETTERS","PHYS REP","0370-1573","1873-6270","PHYSICS, MULTIDISCIPLINARY - SCIE","32,130","25.6","Q1","2.97",
"INTERNATIONAL JOURNAL OF FOOD MICROBIOLOGY","INT J FOOD MICROBIOL","0168-1605","1879-3460","FOOD SCIENCE & TECHNOLOGY - SCIE; MICROBIOLOGY - SCIE","32,078","5.277","Q1","1.4",
"JOURNAL OF NATURAL PRODUCTS","J NAT PROD","0163-3864","1520-6025","PLANT SCIENCES - SCIE; CHEMISTRY, MEDICINAL - SCIE; PHARMACOLOGY & PHARMACY - SCIE","32,075","4.05","Q1","1.32",
"NATURE STRUCTURAL & MOLECULAR BIOLOGY","NAT STRUCT MOL BIOL","1545-9993","1545-9985","BIOPHYSICS - SCIE; BIOCHEMISTRY & MOLECULAR BIOLOGY - SCIE; CELL BIOLOGY - SCIE","32,038","15.369","Q1","2.86",
"JOURNAL OF VASCULAR SURGERY","J VASC SURG","0741-5214","N/A","SURGERY - SCIE; PERIPHERAL VASCULAR DISEASE - SCIE","31,991","4.268","Q1","1.16",
"Advances in Experimental Medicine and Biology","ADV EXP MED BIOL","0065-2598","2214-8019","BIOLOGY - SCIE; MEDICINE, RESEARCH & EXPERIMENTAL - SCIE","31,930","2.622","Q2","0.6",
"JOURNAL OF THE ROYAL STATISTICAL SOCIETY SERIES B-STATISTICAL METHODOLOGY","J R STAT SOC B","1369-7412","1467-9868","STATISTICS & PROBABILITY - SCIE","31,930","4.488","Q1","2.04",
"DEVELOPMENTAL BIOLOGY","DEV BIOL","0012-1606","1095-564X","DEVELOPMENTAL BIOLOGY - SCIE","31,724","3.582","Q2","0.86",
"PHYSICS OF PLASMAS","PHYS PLASMAS","1070-664X","1089-7674","PHYSICS, FLUIDS & PLASMAS - SCIE","31,699","2.023","Q3","0.78",
"SURGICAL ENDOSCOPY AND OTHER INTERVENTIONAL TECHNIQUES","SURG ENDOSC","0930-2794","1432-2218","SURGERY - SCIE","31,681","4.584","Q1","1.62",
"Nature Geoscience","NAT GEOSCI","1752-0894","1752-0908","GEOSCIENCES, MULTIDISCIPLINARY - SCIE","31,641","16.908","Q1","4.46",
"INTERNATIONAL JOURNAL OF SYSTEMATIC AND EVOLUTIONARY MICROBIOLOGY","INT J SYST EVOL MICR","1466-5026","1466-5034","MICROBIOLOGY - SCIE","31,628","2.747","Q3","0.67",
"AICHE JOURNAL","AICHE J","0001-1541","1547-5905","ENGINEERING, CHEMICAL - SCIE","31,517","3.993","Q2","0.78",
"JOURNAL OF THERMAL ANALYSIS AND CALORIMETRY","J THERM ANAL CALORIM","1388-6150","1588-2926","CHEMISTRY, ANALYTICAL - SCIE; THERMODYNAMICS - SCIE; CHEMISTRY, PHYSICAL - SCIE","31,472","4.626","Q1","0.81",
"PHYSICS IN MEDICINE AND BIOLOGY","PHYS MED BIOL","0031-9155","1361-6560","ENGINEERING, BIOMEDICAL - SCIE; RADIOLOGY, NUCLEAR MEDICINE & MEDICAL IMAGING - SCIE","31,418","3.609","Q2","0.97",
"ANESTHESIA AND ANALGESIA","ANESTH ANALG","0003-2999","0003-2999","ANESTHESIOLOGY - SCIE","31,391","5.178","Q1","1.62",
"ASTROPHYSICAL JOURNAL SUPPLEMENT SERIES","ASTROPHYS J SUPPL S","0067-0049","1538-4365","ASTRONOMY & ASTROPHYSICS - SCIE","31,285","8.136","Q1","1.65",
"JOURNAL OF BONE AND MINERAL RESEARCH","J BONE MINER RES","0884-0431","1523-4681","ENDOCRINOLOGY & METABOLISM - SCIE","31,234","6.741","Q1","1.55",
"CLINICAL CHEMISTRY","CLIN CHEM","0009-9147","1530-8561","MEDICAL LABORATORY TECHNOLOGY - SCIE","31,192","8.327","Q1","2.63",
"MMWR-MORBIDITY AND MORTALITY WEEKLY REPORT","MMWR-MORBID MORTAL W","0149-2195","1545-861X","PUBLIC, ENVIRONMENTAL & OCCUPATIONAL HEALTH - SCIE","31,129","17.586","Q1","5.13",
"JOURNAL OF THE ATMOSPHERIC SCIENCES","J ATMOS SCI","0022-4928","1520-0469","METEOROLOGY & ATMOSPHERIC SCIENCES - SCIE","31,118","3.184","Q2","0.86",
"JOURNAL OF COSMOLOGY AND ASTROPARTICLE PHYSICS","J COSMOL ASTROPART P","1475-7516","1475-7516","PHYSICS, PARTICLES & FIELDS - SCIE; ASTRONOMY & ASTROPHYSICS - SCIE","31,014","5.839","Q1","1.3",
"JOURNAL OF MOLECULAR STRUCTURE","J MOL STRUCT","0022-2860","1872-8014","CHEMISTRY, PHYSICAL - SCIE","31,008","3.196","Q3","0.46",
"JOURNAL OF PHARMACOLOGY AND EXPERIMENTAL THERAPEUTICS","J PHARMACOL EXP THER","0022-3565","1521-0103","PHARMACOLOGY & PHARMACY - SCIE","31,007","4.03","Q2","1.2",
"BRITISH JOURNAL OF HAEMATOLOGY","BRIT J HAEMATOL","0007-1048","1365-2141","HEMATOLOGY - SCIE","31,002","6.998","Q1","1.05",
"BRITISH JOURNAL OF SPORTS MEDICINE","BRIT J SPORT MED","0306-3674","1473-0480","SPORT SCIENCES - SCIE","30,989","13.8","Q1","3.05",
"INTERNATIONAL JOURNAL OF EPIDEMIOLOGY","INT J EPIDEMIOL","0300-5771","1464-3685","PUBLIC, ENVIRONMENTAL & OCCUPATIONAL HEALTH - SCIE","30,944","7.196","Q1","2.7",
"MEDICAL PHYSICS","MED PHYS","0094-2405","2473-4209","RADIOLOGY, NUCLEAR MEDICINE & MEDICAL IMAGING - SCIE","30,918","4.071","Q1","1.13",
"POULTRY SCIENCE","POULTRY SCI","N/A","1525-3171","AGRICULTURE, DAIRY & ANIMAL SCIENCE - SCIE","30,896","3.352","Q1","1.6",
"NEUROPSYCHOPHARMACOLOGY","NEUROPSYCHOPHARMACOL","0893-133X","1740-634X","PHARMACOLOGY & PHARMACY - SCIE; NEUROSCIENCES - SCIE; PSYCHIATRY - SCIE","30,861","7.855","Q1","1.98",
"JOURNAL OF ALZHEIMERS DISEASE","J ALZHEIMERS DIS","1387-2877","1875-8908","NEUROSCIENCES - SCIE","30,805","4.472","Q2","0.92",
"JOURNAL OF NON-CRYSTALLINE SOLIDS","J NON-CRYST SOLIDS","0022-3093","1873-4812","MATERIALS SCIENCE, CERAMICS - SCIE; MATERIALS SCIENCE, MULTIDISCIPLINARY - SCIE","30,791","3.531","Q1","0.82",
"AMERICAN JOURNAL OF PHYSIOLOGY-HEART AND CIRCULATORY PHYSIOLOGY","AM J PHYSIOL-HEART C","0363-6135","1522-1539","PHYSIOLOGY - SCIE; CARDIAC & CARDIOVASCULAR SYSTEMS - SCIE; PERIPHERAL VASCULAR DISEASE - SCIE","30,778","4.733","Q1","1.1",
"INTERNATIONAL JOURNAL OF ROCK MECHANICS AND MINING SCIENCES","INT J ROCK MECH MIN","1365-1609","1873-4545","ENGINEERING, GEOLOGICAL - SCIE; MINING & MINERAL PROCESSING - SCIE","30,776","7.135","Q1","2.22",
"PLANT CELL AND ENVIRONMENT","PLANT CELL ENVIRON","0140-7791","1365-3040","PLANT SCIENCES - SCIE","30,696","7.228","Q1","2.11",
"ARCHIVES OF PHYSICAL MEDICINE AND REHABILITATION","ARCH PHYS MED REHAB","0003-9993","1532-821X","REHABILITATION - SCIE; SPORT SCIENCES - SCIE","30,690","3.966","Q1","1.43",
"MECHANICAL SYSTEMS AND SIGNAL PROCESSING","MECH SYST SIGNAL PR","0888-3270","1096-1216","ENGINEERING, MECHANICAL - SCIE","30,686","6.823","Q1","2.25",
"BEHAVIOURAL BRAIN RESEARCH","BEHAV BRAIN RES","0166-4328","1872-7549","BEHAVIORAL SCIENCES - SCIE; NEUROSCIENCES - SCIE","30,622","3.332","Q2","1",
"AGRICULTURE ECOSYSTEMS & ENVIRONMENT","AGR ECOSYST ENVIRON","0167-8809","1873-2305","AGRICULTURE, MULTIDISCIPLINARY - SCIE; ENVIRONMENTAL SCIENCES - SCIE; ECOLOGY - SCIE","30,607","5.567","Q1","1.55",
"JOURNAL OF APPLIED CRYSTALLOGRAPHY","J APPL CRYSTALLOGR","0021-8898","1600-5767","CHEMISTRY, MULTIDISCIPLINARY - SCIE; CRYSTALLOGRAPHY - SCIE","30,593","3.304","Q2","1.02",
"INTERNATIONAL JOURNAL OF SOLIDS AND STRUCTURES","INT J SOLIDS STRUCT","0020-7683","1879-2146","MECHANICS - SCIE","30,567","3.9","Q1","0.98",
"JOURNAL OF CELLULAR BIOCHEMISTRY","J CELL BIOCHEM","0730-2312","1097-4644","BIOCHEMISTRY & MOLECULAR BIOLOGY - SCIE; CELL BIOLOGY - SCIE","30,567","4.429","Q2","0.84",
"FOOD CONTROL","FOOD CONTROL","0956-7135","1873-7129","FOOD SCIENCE & TECHNOLOGY - SCIE","30,557","5.548","Q1","1.49",
"NUCLEAR INSTRUMENTS & METHODS IN PHYSICS RESEARCH SECTION A-ACCELERATORS SPECTROMETERS DETECTORS AND ASSOCIATED EQUIPMENT","NUCL INSTRUM METH A","0168-9002","1872-9576","NUCLEAR SCIENCE & TECHNOLOGY - SCIE; INSTRUMENTS & INSTRUMENTATION - SCIE; PHYSICS, NUCLEAR - SCIE; PHYSICS, PARTICLES & FIELDS - SCIE","30,500","1.455","Q2","0.57",
"JOURNAL OF AUTISM AND DEVELOPMENTAL DISORDERS","J AUTISM DEV DISORD","0162-3257","1573-3432","PSYCHOLOGY, DEVELOPMENTAL - SSCI","30,369","4.291","Q1","1.2",
"PROGRESS IN POLYMER SCIENCE","PROG POLYM SCI","0079-6700","1873-1619","POLYMER SCIENCE - SCIE","30,309","29.19","Q1","2.36",
"PHYSICS LETTERS A","PHYS LETT A","0375-9601","1873-2429","PHYSICS, MULTIDISCIPLINARY - SCIE","30,302","2.654","Q2","0.74",
"GEOPHYSICS","GEOPHYSICS","0016-8033","1942-2156","GEOCHEMISTRY & GEOPHYSICS - SCIE","30,290","2.928","Q2","0.91",
"INTERNATIONAL JOURNAL OF PRODUCTION RESEARCH","INT J PROD RES","0020-7543","1366-588X","ENGINEERING, MANUFACTURING - SCIE; ENGINEERING, INDUSTRIAL - SCIE; OPERATIONS RESEARCH & MANAGEMENT SCIENCE - SCIE","30,233","8.568","Q1","1.54",
"ACS Energy Letters","ACS ENERGY LETT","2380-8195","2380-8195","ELECTROCHEMISTRY - SCIE; MATERIALS SCIENCE, MULTIDISCIPLINARY - SCIE; CHEMISTRY, PHYSICAL - SCIE; NANOSCIENCE & NANOTECHNOLOGY - SCIE; ENERGY & FUELS - SCIE","30,194","23.101","Q1","3.19",
"EUROPEAN PHYSICAL JOURNAL C","EUR PHYS J C","1434-6044","1434-6052","PHYSICS, PARTICLES & FIELDS - SCIE","30,033","4.59","Q2","1.15",
"VIROLOGY","VIROLOGY","0042-6822","1089-862X","VIROLOGY - SCIE","30,019","3.616","Q3","0.87",
"BRITISH JOURNAL OF PSYCHIATRY","BRIT J PSYCHIAT","0007-1250","1472-1465","PSYCHIATRY - SSCI; PSYCHIATRY - SCIE","30,003","9.319","Q1","2.07",
"PeerJ","PEERJ","2167-8359","2167-8359","MULTIDISCIPLINARY SCIENCES - SCIE","29,907","2.984","Q2","0.51",
"JOURNAL OF MARKETING RESEARCH","J MARKETING RES","0022-2437","1547-7193","BUSINESS - SSCI","29,879","5","Q2","1.53",
"FISH & SHELLFISH IMMUNOLOGY","FISH SHELLFISH IMMUN","1050-4648","1095-9947","FISHERIES - SCIE; MARINE & FRESHWATER BIOLOGY - SCIE; VETERINARY SCIENCES - SCIE; IMMUNOLOGY - SCIE","29,735","4.581","Q1","1.75",

Copyright (c) 2022 Clarivate 
By exporting the selected data; you agree to the data usage policy set forth in the Terms of Use 
